keys,en
"
Stationed on %s.","
Stationed on %s."
    none today,    none today
"  %s (%s) Rank %d, HP %d/%d, deck %d, daemons %d","  %s (%s) Rank %d, HP %d/%d, deck %d, daemons %d"
 %s Heat, %s Heat
 (INNER RING), (INNER RING)
 (LOCKDOWN), (LOCKDOWN)
 (leaves %s), (leaves %s)
 (local: REBEL_CELL is built from your profile), (local: REBEL_CELL is built from your profile)
 (run in progress), (run in progress)
 // PINNED, // PINNED
 // exhausts, // exhausts
 AGAIN, AGAIN
 DOWN, DOWN
 [locked], [locked]
 | ASSIST, | ASSIST
 · %s/%s NUDGE %s%s, · %s/%s NUDGE %s%s
 · %s: %s RING, · %s: %s RING
 · %s: NUDGE %s, · %s: NUDGE %s
 · REACH %d, · REACH %d
 · [DEAD], · [DEAD]
%d   (%d operatives lost),%d   (%d operatives lost)
"%d   (%d repelled, %d lost)","%d   (%d repelled, %d lost)"
%d / %d,%d / %d
%d / %d INTACT,%d / %d INTACT
%d / %d extracted,%d / %d extracted
%d > %d,%d > %d
%d > %d NO CHANGE,%d > %d NO CHANGE
%d BLOCKED,%d BLOCKED
%d CYCLES,%d CYCLES
%d DOWN,%d DOWN
%d HP,%d HP
%d HP lost,%d HP lost
%d HP lost: LETHAL,%d HP lost: LETHAL
%d IN %d WAVE,%d IN %d WAVE
%d IN %d WAVES,%d IN %d WAVES
%d LANDS HERE,%d LANDS HERE
%d LEFT,%d LEFT
%d NEEDLES,%d NEEDLES
%d RAM lost,%d RAM lost
%d SCHEMATICS,%d SCHEMATICS
%d SLICES,%d SLICES
%d TAKEN,%d TAKEN
%d absorbed by block and shield,%d absorbed by block and shield
%d cards,%d cards
%d fps,%d fps
%d held,%d held
%d netruns,%d netruns
%d still at large.,%d still at large.
"%d-%d Cycles, a card","%d-%d Cycles, a card"
%d/%d  -  BREACH READY,%d/%d  -  BREACH READY
%d/%d  -  LOCKED,%d/%d  -  LOCKED
"%s
%d CYCLES","%s
%d CYCLES"
"%s
%s
Buy: %d Cycles (you have %d).","%s
%s
Buy: %d Cycles (you have %d)."
"%s
%s
Press to deploy it to %s (the target: pick another node on the map or in YOUR NODES).","%s
%s
Press to deploy it to %s (the target: pick another node on the map or in YOUR NODES)."
"%s
ARMORY %d/%d: %d assets waiting in the Armory (not counting those deployed on your nodes) of the %d it holds.","%s
ARMORY %d/%d: %d assets waiting in the Armory (not counting those deployed on your nodes) of the %d it holds."
%s  (home server BREACHED),%s  (home server BREACHED)
%s  //  %d RAM,%s  //  %d RAM
%s  //  AUDIT %d,%s  //  AUDIT %d
%s  //  INTERNAL  //  DO NOT FORWARD,%s  //  INTERNAL  //  DO NOT FORWARD
%s  //  NOTICE,%s  //  NOTICE
%s  //  TIER %d,%s  //  TIER %d
%s  HP %s → %s  %s,%s  HP %s → %s  %s
%s %s HP,%s %s HP
"%s %s: %s. %s %s Select it, then %s on its card.","%s %s: %s. %s %s Select it, then %s on its card."
%s (%d HP): takes hits aimed at the slice it guards.,%s (%d HP): takes hits aimed at the slice it guards.
%s (%s): %d/%d HP.,%s (%s): %d/%d HP.
%s (%s): integrity (HP) now and after the raid.,%s (%s): integrity (HP) now and after the raid.
%s (%s): make it the target for the Armory's assets.,%s (%s): make it the target for the Armory's assets.
"%s (Armory %d/%d)
%s","%s (Armory %d/%d)
%s"
%s - OFFLINE,%s - OFFLINE
%s - press another key.,%s - press another key.
%s / %s: choose a glowing target  ·  %s: play  ·  %s: cancel,%s / %s: choose a glowing target  ·  %s: play  ·  %s: cancel
%s // %d CARDS,%s // %d CARDS
%s // L%d,%s // L%d
%s // LOOT: pick a %s,%s // LOOT: pick a %s
"%s // terminal log, unsigned","%s // terminal log, unsigned"
%s AT TURN START,%s AT TURN START
%s BITES IT %d,%s BITES IT %d
%s BITES YOU %d,%s BITES YOU %d
%s DOWN,%s DOWN
%s EVADE,%s EVADE
%s Heat on entry,%s Heat on entry
%s LANDS ON: %s,%s LANDS ON: %s
%s MOVES,%s MOVES
%s R%d,%s R%d
%s R%d%s,%s R%d%s
%s SECURITY,%s SECURITY
%s Site,%s Site
%s a card for details.,%s a card for details.
%s a slice for details.,%s a slice for details.
"%s and %s nudge the wheel the arrows mark; %s switches between yours and the target, %s between the outer and inner ring.","%s and %s nudge the wheel the arrows mark; %s switches between yours and the target, %s between the outer and inner ring."
%s cuts a new route: %s - %s.,%s cuts a new route: %s - %s.
%s enters at %s.,%s enters at %s.
%s finds no locked route to open near %s.,%s finds no locked route to open near %s.
%s freezes the link %s - %s for this raid.,%s freezes the link %s - %s for this raid.
%s guards %s (%s): the class's station bonus helps it hold in raids.,%s guards %s (%s): the class's station bonus helps it hold in raids.
%s is DOWN.,%s is DOWN.
%s is TAKEN.,%s is TAKEN.
%s is at HQ already.,%s is at HQ already.
"%s is back at HQ, healed, keeping the deck, Firmware and Daemons. Unspent Cycles became Schematics.","%s is back at HQ, healed, keeping the deck, Firmware and Daemons. Unspent Cycles became Schematics."
%s is destroyed.,%s is destroyed.
%s is gone for good (permadeath): an operative who flatlines never comes back. Banked Schematics are kept; Cycles and unbanked loot are lost.,%s is gone for good (permadeath): an operative who flatlines never comes back. Banked Schematics are kept; Cycles and unbanked loot are lost.
%s is held at %s (%d more).,%s is held at %s (%d more).
%s is lost. The campaign is over.,%s is lost. The campaign is over.
%s is offline. who signed off on this?,%s is offline. who signed off on this?
%s moves from %s to %s.,%s moves from %s to %s.
%s on %d slice(s),%s on %d slice(s)
%s on %s hits %s for %d.,%s on %s hits %s for %d.
%s on a random slice,%s on a random slice
"%s reaches %s: %d damage, HP %d → %d.","%s reaches %s: %d damage, HP %d → %d."
%s returns to the reserves.,%s returns to the reserves.
%s rolls,%s rolls
%s takes %d damage: HP %d → %d.,%s takes %d damage: HP %d → %d.
%s's HP. At 0 the operative flatlines.,%s's HP. At 0 the operative flatlines.
"%s's deck, spinner, hub core and inner ring. VIEW LOADOUT and DAEMONS in the top bar follow them.","%s's deck, spinner, hub core and inner ring. VIEW LOADOUT and DAEMONS in the top bar follow them."
%s's integrity (HP) now and after the raid: %s → %s. %s,%s's integrity (HP) now and after the raid: %s → %s. %s
"%s, %d runs","%s, %d runs"
"%s, Heat %d, ICE %d, %d runs, %s%s","%s, Heat %d, ICE %d, %d runs, %s%s"
"%s, a T%d %s","%s, a T%d %s"
"%s, your home server","%s, your home server"
%s.,%s.
%s/turn,%s/turn
%s: %s -> %d HP,%s: %s -> %d HP
%s: %s.,%s: %s.
"%s: drag onto JACK IN to pick them for %s (or pick them in the list), then press JACK IN.","%s: drag onto JACK IN to pick them for %s (or pick them in the list), then press JACK IN."
%s: integrity (HP) %s → %s in the raid. %s,%s: integrity (HP) %s → %s in the raid. %s
%s: no change,%s: no change
"%s: pick them up and move them onto JACK IN to pick them for %s (or pick them in the list), then press JACK IN.","%s: pick them up and move them onto JACK IN to pick them for %s (or pick them in the list), then press JACK IN."
%s: select a card to %s. %s: details.,%s: select a card to %s. %s: details.
%s: select the slot to %s. %s: details.,%s: select the slot to %s. %s: details.
%s: the node falls; threats go on past it.,%s: the node falls; threats go on past it.
(same road as choice %d),(same road as choice %d)
"(seed %d): %d Schematics, %d rookies.","(seed %d): %d Schematics, %d rookies."
"(seed %d, ICE %d, %s) against %s. Story path: %s.","(seed %d, ICE %d, %s) against %s. Story path: %s."
+%d BLOCK,+%d BLOCK
+%d DRONE,+%d DRONE
+%d EVADE,+%d EVADE
+%d HP,+%d HP
+%d HP healed,+%d HP healed
+%d MORE,+%d MORE
+%d NEEDLE,+%d NEEDLE
+%d RAM,+%d RAM
+%d SHIELD,+%d SHIELD
"+%d Schematics banked, assets banked","+%d Schematics banked, assets banked"
+%d block and shield gained,+%d block and shield gained
+%d more routes (the pencil letters them on the map),+%d more routes (the pencil letters them on the map)
+1 = %d,+1 = %d
", a run in progress",", a run in progress"
- its block and shield %d (absorbed),- its block and shield %d (absorbed)
-%d RAM,-%d RAM
// %s // RANK %d,// %s // RANK %d
1  Pick a node,1  Pick a node
1x,1x
1x (full replay),1x (full replay)
2  Press a card,2  Press a card
2x,2x
2x (twice as fast),2x (twice as fast)
2x NUDGE,2x NUDGE
2× NUDGE CARDS NEXT,2× NUDGE CARDS NEXT
4x,4x
": %d for most slots, %d for a pricier one such as the NULL slot; you pick the slot next",": %d for most slots, %d for a pricier one such as the NULL slot; you pick the slot next"
< PREV SITE,< PREV SITE
= %s HP  (%d -> %d),= %s HP  (%d -> %d)
> CHOOSE,> CHOOSE
> CONNECTED,> CONNECTED
> CREW     %s,> CREW     %s
> HOME     %s,> HOME     %s
> ICE      0,> ICE      0
> MODIFIERS,> MODIFIERS
> SEED     %d,> SEED     %d
> TARGET   %s,> TARGET   %s
> focus an item: what it does shows here.,> focus an item: what it does shows here.
> jack --from %s --to %s,> jack --from %s --to %s
> point at an item: what it does shows here. Drag Firmware or a slice onto a slot of your spinner.,> point at an item: what it does shows here. Drag Firmware or a slice onto a slot of your spinner.
A Firmware chip upgrades one slot of your spinner: it works on the slice in that slot whenever the slice lands. Pick here which slot a chip you BUY goes into.,A Firmware chip upgrades one slot of your spinner: it works on the slice in that slot whenever the slice lands. Pick here which slot a chip you BUY goes into.
A Firmware chip upgrades one slot of your spinner: it works on the slice in that slot whenever the slice lands. Pick here which slot the chip you take goes into.,A Firmware chip upgrades one slot of your spinner: it works on the slice in that slot whenever the slice lands. Pick here which slot the chip you take goes into.
A guided first fight in a simulated net.,A guided first fight in a simulated net.
"A patrol: loot, Heat and Rank from the run, no objective.","A patrol: loot, Heat and Rank from the run, no objective."
A raid's route toward your CORE.,A raid's route toward your CORE.
A random effect: the roll is hidden until you play it. %s,A random effect: the roll is hidden until you play it. %s
A random roll: the odds are in the breakdown,A random roll: the odds are in the breakdown
A run is already in progress: finish it first.,A run is already in progress: finish it first.
ACTIVITY,ACTIVITY
AFTER-ACTION REPORT,AFTER-ACTION REPORT
AGAIN,AGAIN
AIRMAIL,AIRMAIL
ALL BLOCKED,ALL BLOCKED
ALL RESULTS: %s,ALL RESULTS: %s
ALTERED,ALTERED
ANNEX A  //  RECOVERED INTERCEPTS,ANNEX A  //  RECOVERED INTERCEPTS
ANNEX B  //  RESIDUAL RISK,ANNEX B  //  RESIDUAL RISK
ANY SLICE,ANY SLICE
ARE YOU SURE?,ARE YOU SURE?
ARMORY %d/%d,ARMORY %d/%d
ARMORY:,ARMORY:
AT LARGE,AT LARGE
AT LARGE  (%s offline),AT LARGE  (%s offline)
AT LARGE (reserve),AT LARGE (reserve)
AT LARGE (stationed: %s),AT LARGE (stationed: %s)
AUDIT REPORT,AUDIT REPORT
Accessibility,Accessibility
Achievements,Achievements
Achievements earned (Stats & achievements lists them).,Achievements earned (Stats & achievements lists them).
Always show all nodes on the netrun map,Always show all nodes on the netrun map
An operative is stationed here: their class's station bonus helps the node in raids.,An operative is stationed here: their class's station bonus helps the node in raids.
Armory,Armory
Armory empty: runs bank assets from their drops.,Armory empty: runs bank assets from their drops.
Asset,Asset
"Assist mode for new campaigns (%s free nudge a turn, %s%% HP; no ICE records or achievements)","Assist mode for new campaigns (%s free nudge a turn, %s%% HP; no ICE records or achievements)"
At 0 HP you lose the fight.,At 0 HP you lose the fight.
Audio,Audio
Automatic (match the pad),Automatic (match the pad)
BACK TO THE GRID,BACK TO THE GRID
BADGES,BADGES
BANKED,BANKED
BEST ICE,BEST ICE
BIN,BIN
BIN IT,BIN IT
BLACK MARKET // SCHEMATICS %d,BLACK MARKET // SCHEMATICS %d
BLOCK,BLOCK
BLOCK %d,BLOCK %d
BOSS,BOSS
BREACH,BREACH
BREACH PAYOUT,BREACH PAYOUT
BREACH: start the fight at the Central Server.,BREACH: start the fight at the Central Server.
BREACHED,BREACHED
BREACHED: your home server fell. The campaign is lost.,BREACHED: your home server fell. The campaign is lost.
BUY,BUY
Back,Back
Back to HQ,Back to HQ
"Back to HQ: the campaign, the City Grid and the crew.","Back to HQ: the campaign, the City Grid and the crew."
Back to the Armory.,Back to the Armory.
Back to the HQ.,Back to the HQ.
"Back to the HQ: crew, Black Market, Cell status.","Back to the HQ: crew, Black Market, Cell status."
Back to the HQ; the raid waits until you start the defence.,Back to the HQ; the raid waits until you start the defence.
Back to the compound,Back to the compound
Back to the main menu.,Back to the main menu.
Back to the title screen.,Back to the title screen.
Back to this run's route.,Back to this run's route.
Back to title,Back to title
Bad for you: %s,Bad for you: %s
Badges,Badges
Banked,Banked
Before this play: %s,Before this play: %s
Best ICE by corporation: %s.,Best ICE by corporation: %s.
Best ICE: %s. %s,Best ICE: %s. %s
Best ICE: %s. Perfects: %d. Racks captured: %d. Cycles earned: %d. Assisted wins: %d.,Best ICE: %s. Perfects: %d. Racks captured: %d. Cycles earned: %d. Assisted wins: %d.
Block %d: soaks damage this turn.,Block %d: soaks damage this turn.
Borderless,Borderless
Boss,Boss
Boss Extra Pointer,Boss Extra Pointer
Boss Phase Early,Boss Phase Early
Boss Strength,Boss Strength
Breach,Breach
Bring %s back from %s.,Bring %s back from %s.
Bring its HP to 0 to win the fight.,Bring its HP to 0 to win the fight.
Bring the DOWN node back online.,Bring the DOWN node back online.
Build the picked node here: it joins your network and defends in raids.,Build the picked node here: it joins your network and defends in raids.
Buy,Buy
CAM %02d  %s,CAM %02d  %s
CAMPAIGN,CAMPAIGN
CAMPAIGN END,CAMPAIGN END
CAMPAIGN SLOTS,CAMPAIGN SLOTS
CAMPAIGNS,CAMPAIGNS
CAN BE YOUR NODE,CAN BE YOUR NODE
CANCEL,CANCEL
CANNOT UNDO,CANNOT UNDO
CARD DETAIL,CARD DETAIL
CARDS,CARDS
CARGO RECLAIMED,CARGO RECLAIMED
CASE CLOSED,CASE CLOSED
CASE SB-2210/QUARANTINE,CASE SB-2210/QUARANTINE
CELL,CELL
CELL %02d  //  %d RUNS,CELL %02d  //  %d RUNS
CELL DEFENSE,CELL DEFENSE
CELL DEFENSE RAID SETUP,CELL DEFENSE RAID SETUP
CELL HOLDS,CELL HOLDS
CELL STATUS,CELL STATUS
CELL-%02d / %s,CELL-%02d / %s
CENTRAL SERVER,CENTRAL SERVER
CENTRAL SERVER // %s,CENTRAL SERVER // %s
CENTRAL SERVER // EXPLOITS %d/%d,CENTRAL SERVER // EXPLOITS %d/%d
CHOSEN,CHOSEN
CITY GRID,CITY GRID
CITY GRID // %s,CITY GRID // %s
CIVIC ORDER  //  PUBLIC SAFETY  //  COMPLIANCE,CIVIC ORDER  //  PUBLIC SAFETY  //  COMPLIANCE
CLAIMED,CLAIMED
CLASS,CLASS
CLASSIFIED,CLASSIFIED
CLEANSE,CLEANSE
CLEARED,CLEARED
CLEARS %s,CLEARS %s
CLOSED,CLOSED
CODEX,CODEX
CODEX // WHAT THE CELL KNOWS,CODEX // WHAT THE CELL KNOWS
COLOUR-BLIND CORRECTION,COLOUR-BLIND CORRECTION
COMBAT,COMBAT
COMBATS,COMBATS
COMMON,COMMON
COMPLIANCE DIVISION,COMPLIANCE DIVISION
CONFIRM,CONFIRM
CONNECTING,CONNECTING
CONNECTING TO,CONNECTING TO
CONTAINMENT OFFICE,CONTAINMENT OFFICE
CONTINUE,CONTINUE
CORE,CORE
CORE (home),CORE (home)
CORE (house): your home server; if its integrity reaches 0 the campaign is lost.,CORE (house): your home server; if its integrity reaches 0 the campaign is lost.
CORPORATE,CORPORATE
CORRUPTED,CORRUPTED
CREW,CREW
CREW // ROSTER,CREW // ROSTER
CYBERDECK,CYBERDECK
CYBERDECK HQ,CYBERDECK HQ
CYCLES,CYCLES
CYCLES %s,CYCLES %s
Campaign code (share it: it starts this campaign): %s%s,Campaign code (share it: it starts this campaign): %s%s
Campaign seed:,Campaign seed:
Campaign slots,Campaign slots
"Campaign: Heat %d, Schematics %d, roster %d living.","Campaign: Heat %d, Schematics %d, roster %d living."
Campaigns,Campaigns
Campaigns started on this profile.,Campaigns started on this profile.
Campaigns won.,Campaigns won.
"Campaigns: %d started, %d won, %d lost. Runs completed: %d. Operatives lost: %d. Raids: %d won / %d lost.","Campaigns: %d started, %d won, %d lost. Runs completed: %d. Operatives lost: %d. Raids: %d won / %d lost."
Cancel,Cancel
Card,Card
CardData.arc_flash.description,Deal 3 damage to every enemy.
CardData.arc_flash.display_name,Arc Flash
CardData.armor_plate.description,ENCRYPT a chosen slice and gain 4 block.
CardData.armor_plate.display_name,Armor Plate
CardData.backspin.description,Spin a wheel 9 ticks counter-clockwise.
CardData.backspin.display_name,Backspin
CardData.blind_spot.description,The target skips its next respin and loses 1 resistance.
CardData.blind_spot.display_name,Blind Spot
CardData.brute_spin.description,Spin a wheel 6 ticks.
CardData.brute_spin.display_name,Brute Spin
CardData.bug.description,Corrupted code. Drains 1 RAM when played. Exhaust.
CardData.bug.display_name,Bug
CardData.bulwark.description,Gain 12 block.
CardData.bulwark.display_name,Bulwark
CardData.cache.description,Gain 3 RAM. Exhaust.
CardData.cache.display_name,Cache
CardData.calibrate.description,Your next 2 nudges this turn are free.
CardData.calibrate.display_name,Calibrate
CardData.cleanse.description,Remove CORRUPTED from a chosen slice.
CardData.cleanse.display_name,Cleanse
CardData.cold_snap.description,The target skips its next respin and you gain 3 block.
CardData.cold_snap.display_name,Cold Snap
CardData.corrupt_packet.description,CORRUPT the enemy slice under your pointer.
CardData.corrupt_packet.display_name,Corrupt Packet
CardData.counter_spin.description,Spin a wheel 5 ticks counter-clockwise.
CardData.counter_spin.display_name,Counter-Spin
CardData.data_surge.description,Draw 3 cards.
CardData.data_surge.display_name,Data Surge
CardData.deep_calibrate.description,Your next 3 nudges this turn are free. Exhaust.
CardData.deep_calibrate.display_name,Deep Calibrate
CardData.deep_strip.description,Remove 4 resistance from the target.
CardData.deep_strip.display_name,Deep Strip
CardData.double_jam.description,"Nudge an enemy wheel +-1 twice, ignoring resistance."
CardData.double_jam.display_name,Double Jam
CardData.duck.description,Evade the next incoming attack this turn.
CardData.duck.display_name,Duck
CardData.encrypt.description,ENCRYPT a chosen slice: it absorbs the next status.
CardData.encrypt.display_name,Encrypt
CardData.feather_touch.description,One +-1 nudge.
CardData.feather_touch.display_name,Feather Touch
CardData.fine_tune.description,Two +-1 nudges on one ring.
CardData.fine_tune.display_name,Fine Tune
CardData.firewall.description,Gain 6 block.
CardData.firewall.display_name,Firewall
CardData.flick.description,Spin a wheel 1 tick.
CardData.flick.display_name,Flick
CardData.flip_switch.description,Flip your own wheel.
CardData.flip_switch.display_name,Flip Switch
CardData.freeze.description,Target wheel skips its next respin. Exhaust.
CardData.freeze.display_name,Freeze
CardData.gear_mesh.description,Spin the target and your own wheel 5 ticks.
CardData.gear_mesh.display_name,Gear Mesh
CardData.gear_shift.description,Move your inner ring 5 ticks.
CardData.gear_shift.display_name,Gear Shift
CardData.ghost_step.description,"Two nudges on an enemy wheel, ignoring resistance."
CardData.ghost_step.display_name,Ghost Step
CardData.heavy_spin.description,Spin a wheel 9 ticks.
CardData.heavy_spin.display_name,Heavy Spin
CardData.hot_patch.description,"OVERCLOCK a chosen slice of your wheel: 1.5x on its next trigger, then it becomes CORRUPTED."
CardData.hot_patch.display_name,Hot Patch
CardData.hot_swap.description,Snap your outer ring to the slice centre and gain 1 RAM.
CardData.hot_swap.display_name,Hot Swap
CardData.hub_breach.description,Disable the target Hub for 1 turn.
CardData.hub_breach.display_name,Hub Breach
CardData.inner_drift.description,Move your inner ring 3 ticks.
CardData.inner_drift.display_name,Inner Drift
CardData.inner_snap.description,Move your inner ring to the nearest segment centre.
CardData.inner_snap.display_name,Inner Snap
CardData.jam.description,"Nudge an enemy wheel +-1, ignoring resistance."
CardData.jam.display_name,Jam
CardData.jolt.description,Spin a wheel 3 ticks.
CardData.jolt.display_name,Jolt
CardData.leech_worm.description,The enemy slice under your pointer gets a PARASITE (half output). Exhaust.
CardData.leech_worm.display_name,Leech Worm
CardData.lock_on.description,Move your outer ring to the nearest slice centre (Perfect). Exhaust.
CardData.lock_on.display_name,Lock On
CardData.malware_drop.description,CORRUPT a random non-NULL slice of the target.
CardData.malware_drop.display_name,Malware Drop
CardData.micro_adjust.description,Two +-1 nudges. Exhaust.
CardData.micro_adjust.display_name,Micro-Adjust
CardData.mirror_flip.description,Flip a wheel. Blocked while the target has resistance.
CardData.mirror_flip.display_name,Mirror Flip
CardData.momentum.description,Spin 2; spin 5 instead if you already spun this turn.
CardData.momentum.display_name,Momentum
CardData.overclock_nudges.description,Nudge cards trigger twice next turn.
CardData.overclock_nudges.display_name,Nudge Driver
CardData.overdrive.description,"OVERCLOCK your slice under the pointer: 1.5x on its next trigger, then it becomes CORRUPTED."
CardData.overdrive.display_name,Overdrive
CardData.overload.description,Deal 10 damage to the target and take 4. Exhaust.
CardData.overload.display_name,Overload
CardData.parasite_pulse.description,The target's slice under the pointer gets a PARASITE (half output). Exhaust.
CardData.parasite_pulse.display_name,Parasite Pulse
CardData.patch_up.description,Heal 6. Exhaust.
CardData.patch_up.display_name,Patch Up
CardData.power_tap.description,Gain 2 RAM and take 3 damage.
CardData.power_tap.display_name,Power Tap
CardData.pull.description,Draw 2 cards.
CardData.pull.display_name,Pull
CardData.ratchet.description,Move your inner ring 8 ticks.
CardData.ratchet.display_name,Ratchet
CardData.reroll.description,Respin a wheel to a random tick.
CardData.reroll.display_name,Reroll
CardData.ring_lock.description,"This turn, spins do not move your inner ring."
CardData.ring_lock.display_name,Ring Lock
CardData.ring_tap.description,Two +-1 nudges on your inner ring.
CardData.ring_tap.display_name,Ring Tap
CardData.sanitize.description,Remove CORRUPTED from a chosen slice and gain 3 block.
CardData.sanitize.display_name,Sanitize
CardData.scrap_code.description,Gain 1 RAM and draw 1 card. Exhaust.
CardData.scrap_code.display_name,Scrap Code
CardData.shatter.description,Breach the target Hub for 1 turn and strip 1 resistance.
CardData.shatter.display_name,Shatter
CardData.shield_wall.description,Gain 4 shield.
CardData.shield_wall.display_name,Shield Wall
CardData.short_circuit.description,Disable the target Hub for 2 turns. Exhaust.
CardData.short_circuit.display_name,Short Circuit
CardData.snap.description,Move your outer ring to the nearest slice centre (Perfect).
CardData.snap.display_name,Snap
CardData.spawn_drone.description,Dock a drone on a chosen slice of your wheel.
CardData.spawn_drone.display_name,Spawn Drone
CardData.spin_cycle.description,Spin a wheel 12 ticks.
CardData.spin_cycle.display_name,Spin Cycle
CardData.static_shock.description,Deal 4 damage to the target.
CardData.static_shock.display_name,Static Shock
CardData.steady_hand.description,"If your slice is Perfect at end of turn, +2 RAM next turn."
CardData.steady_hand.display_name,Steady Hand
CardData.stim_patch.description,Heal 12. Exhaust.
CardData.stim_patch.display_name,Stim Patch
CardData.strip.description,Remove 2 resistance from the target.
CardData.strip.display_name,Strip
CardData.tailspin.description,Spin a wheel 4 ticks and draw 1 card.
CardData.tailspin.display_name,Tailspin
CardData.tap_tap.description,Three +-1 nudges on one ring.
CardData.tap_tap.display_name,Tap Tap
CardData.torque_wrench.description,Spin a wheel 5 ticks and gain a free nudge.
CardData.torque_wrench.display_name,Torque Wrench
CardData.twist.description,Spin a wheel 4 ticks.
CardData.twist.display_name,Twist
CardData.undock.description,Move a satellite to an adjacent slice.
CardData.undock.display_name,Undock
CardData.whirl.description,Spin a wheel 7 ticks.
CardData.whirl.display_name,Whirl
Cards,Cards
Cards in %s's deck (VIEW LOADOUT shows them).,Cards in %s's deck (VIEW LOADOUT shows them).
"Cards spin, nudge and flip wheels; they cost RAM. {card_how} Nudge cards go on a nudge button (that sets the way they turn), slice cards on a slice. While you aim, the result chips and the dashed acid arc show the result before you commit.","Cards spin, nudge and flip wheels; they cost RAM. {card_how} Nudge cards go on a nudge button (that sets the way they turn), slice cards on a slice. While you aim, the result chips and the dashed acid arc show the result before you commit."
Cascade: %s takes %d damage: HP %d → %d.,Cascade: %s takes %d damage: HP %d → %d.
"Cell cyan (palette v2, the default)","Cell cyan (palette v2, the default)"
Central Server,Central Server
Central Server (star): the corporation's core.,Central Server (star): the corporation's core.
Central Server: the corporation's core,Central Server: the corporation's core
Chips go into:,Chips go into:
Choose,Choose
City Grid,City Grid
"City seed (same seed, same city):","City seed (same seed, same city):"
"Civic Order 7/88: network assets taken, operatives reclassified.","Civic Order 7/88: network assets taken, operatives reclassified."
Claim,Claim
Claimed: part of your network.,Claimed: part of your network.
Claimed: part of your network; it defends in raids.,Claimed: part of your network; it defends in raids.
Class default,Class default
ClassData.botnet.description,Fights through drones that ride the whole netrun.
ClassData.botnet.display_name,Botnet
ClassData.breaker.description,Hits hard and spins harder. Perfect landings resolve the slice twice.
ClassData.breaker.display_name,Breaker
ClassData.ghost.description,Slips past resistance. Perfect landings strip the target's defences.
ClassData.ghost.display_name,Ghost
ClassData.hivemind.description,A Botnet whose swarm is bigger but never leaves the fight.
ClassData.hivemind.display_name,Hivemind
ClassData.overclocker.description,A Rigger that banks raw RAM instead of free nudges.
ClassData.overclocker.display_name,Overclocker
ClassData.phantom.description,A Ghost that dodges instead of slipping resistance.
ClassData.phantom.display_name,Phantom
ClassData.rigger.description,Runs hot on RAM. Perfect landings pay for the next move.
ClassData.rigger.display_name,Rigger
ClassData.wrecker.description,A Breaker that trades spin control for a heavier Perfect.
ClassData.wrecker.display_name,Wrecker
Classes,Classes
Clear this Site for the %s Exploit (%d/%d for the breach).,Clear this Site for the %s Exploit (%d/%d for the breach).
Cleared: claim it to build a node of your network.,Cleared: claim it to build a node of your network.
Clearing it changes Heat by %s.,Clearing it changes Heat by %s.
Clearing it gives %s Schematics.,Clearing it gives %s Schematics.
Clearing it gives the %s Exploit for the Central Server breach.,Clearing it gives the %s Exploit for the Central Server breach.
Clearing it now brings a raid on your network.,Clearing it now brings a raid on your network.
Clearing it opens %d more Sites to runs: %s.,Clearing it opens %d more Sites to runs: %s.
Clearing it wins the campaign.,Clearing it wins the campaign.
Clearing this Site changes Heat by %d.,Clearing this Site changes Heat by %d.
Click,Click
Click a Site to open it on the City Grid.,Click a Site to open it on the City Grid.
"Click a key, then press the new one. Cards stay on 1-9.","Click a key, then press the new one. Cards stay on 1-9."
Click to play.,Click to play.
Close,Close
Cobalt (deep blue terminal),Cobalt (deep blue terminal)
Codex,Codex
Colour-blind correction (patterns and glyphs stay the main cue),Colour-blind correction (patterns and glyphs stay the main cue)
Common,Common
Continue,Continue
Continue the current run,Continue the current run
Controls,Controls
Corporate: run it to clear it.,Corporate: run it to clear it.
CorporationData.halcyon.description,"The contractor that runs the city: water, power, transit and the police, billed per resident."
CorporationData.halcyon.display_name,Halcyon Civic
CorporationData.meridian.description,"The logistics giant that moves everything, loses what it likes and bills you for the search."
CorporationData.meridian.display_name,Meridian Freight Systems
CorporationData.orbital.description,"It owns the sky: every satellite, every signal, every forecast. The commons, by subscription."
CorporationData.orbital.display_name,Orbital Commons
CorporationData.rebel_cell.description,"Everything the Cell ever built, turned against it by the voice that gave the orders."
CorporationData.rebel_cell.display_name,REBEL_CELL
CorporationData.solace.description,Life-critical implants sold as the Continuum subscription. Miss a payment and the implant bricks.
CorporationData.solace.display_name,Solace Biosystems
Corporations,Corporations
Costs %d Schematics (you have %d): Heat changes by %d.,Costs %d Schematics (you have %d): Heat changes by %d.
Costs: %s.,Costs: %s.
Crew,Crew
Crew:,Crew:
Cycle Price,Cycle Price
Cycle target,Cycle target
Cycles,Cycles
Cycles in hand when the run ended.,Cycles in hand when the run ended.
Cycles you have to spend in the Mainframe. Runs and events pay them; they don't leave the run.,Cycles you have to spend in the Mainframe. Runs and events pay them; they don't leave the run.
"Cycles: this run's money, spent in the Mainframe.","Cycles: this run's money, spent in the Mainframe."
DAEMON,DAEMON
DAEMONS,DAEMONS
DAMAGE %s,DAMAGE %s
DE-ORBITED,DE-ORBITED
DECEASED,DECEASED
DECK,DECK
DECRYPTED BY THE CELL  //  KEY %s,DECRYPTED BY THE CELL  //  KEY %s
DEFEAT,DEFEAT
DEFEATED,DEFEATED
DEFENSE LOADOUT // %s,DEFENSE LOADOUT // %s
DEFRAG,DEFRAG
DELETE,DELETE
DELETE SLOT,DELETE SLOT
DELETED,DELETED
DETOUR,DETOUR
DFRG,DFRG
DISPATCH,DISPATCH
DISPATCH  //  INTERNAL AFFAIRS  //  CLEAN-UP,DISPATCH  //  INTERNAL AFFAIRS  //  CLEAN-UP
DISPATCH // ECHO 00,DISPATCH // ECHO 00
DISPATCH HAS YOUR CELL,DISPATCH HAS YOUR CELL
DOWN,DOWN
DOWN / TAKEN,DOWN / TAKEN
DOWN: repair the node on the Grid.,DOWN: repair the node on the Grid.
DRAG / WASD,DRAG / WASD
DRAW %d,DRAW %d
DRONE ENDS HERE,DRONE ENDS HERE
DTOR,DTOR
Daemon,Daemon
DaemonData.adrenal_loop.description,Each Perfect heals 2.
DaemonData.adrenal_loop.display_name,Adrenal Loop
DaemonData.botnet_seed.description,Each Perfect deploys a 1-HP drone on the triggered slice (max 2).
DaemonData.botnet_seed.display_name,Botnet Seed
DaemonData.bounty_code.description,+1 Schematic banked after every won fight.
DaemonData.bounty_code.display_name,Bounty Code
DaemonData.cascade.description,Two Perfects in a row: +1 RAM.
DaemonData.cascade.display_name,Cascade
DaemonData.clean_signal.description,3 consecutive Perfects: -2 Heat.
DaemonData.clean_signal.display_name,Clean Signal
DaemonData.cold_exit.description,Finish a netrun without the NULL slice resolving: -3 Heat.
DaemonData.cold_exit.display_name,Cold Exit
DaemonData.fail_forward.description,The NULL slice restores 2 RAM.
DaemonData.fail_forward.display_name,Fail Forward
DaemonData.fault_tolerance.description,The NULL slice deals 3 damage to the pointer target.
DaemonData.fault_tolerance.display_name,Fault Tolerance
DaemonData.feedback_loop.description,Every card you play deals 1 damage to every enemy.
DaemonData.feedback_loop.display_name,Feedback Loop
DaemonData.field_medic.description,Heal 4 after every won fight.
DaemonData.field_medic.display_name,Field Medic
DaemonData.idle_armor.description,Gain 2 block at the start of every turn.
DaemonData.idle_armor.display_name,Idle Armor
DaemonData.kernel_sync.description,Each Perfect: +1 damage for the rest of the combat.
DaemonData.kernel_sync.display_name,Kernel Sync
DaemonData.linked_bus.description,"Nudging an enemy wheel also moves your wheel the same way, free."
DaemonData.linked_bus.display_name,Linked Bus
DaemonData.log_wiper.description,Finishing a netrun lowers Heat by 1.
DaemonData.log_wiper.display_name,Log Wiper
DaemonData.rack_skimmer.description,Capturing a Server Rack banks 3 extra Schematics.
DaemonData.rack_skimmer.display_name,Rack Skimmer
DaemonData.salvager.description,+5 Cycles after every won fight.
DaemonData.salvager.display_name,Salvager
DaemonData.scrubber.description,Capturing a Server Rack removes 1 Heat instead of adding it.
DaemonData.scrubber.display_name,Scrubber
DaemonData.shield_cache.description,Start every combat with 5 shield.
DaemonData.shield_cache.display_name,Shield Cache
DaemonData.static_field.description,"At the start of every turn, deal 1 damage to every enemy."
DaemonData.static_field.display_name,Static Field
DaemonData.stolen_intent.description,"Once per combat, when you would resolve NULL, swap resolved slices with the target."
DaemonData.stolen_intent.display_name,Stolen Intent
DaemonData.tuning_fork.description,Every nudge action grants 1 block.
DaemonData.tuning_fork.display_name,Tuning Fork
DaemonData.twin_pointer.description,Your wheel is also read at the bottom; both trigger. Max RAM halved.
DaemonData.twin_pointer.display_name,Twin Pointer
DaemonData.warm_boot.description,Start every combat with +2 RAM.
DaemonData.warm_boot.display_name,Warm Boot
DaemonData.zero_day.description,A Perfect on the NULL slice resolves as a 3x OVERFLOW.
DaemonData.zero_day.display_name,Zero Day
Daemons,Daemons
Daemons: permanent programs of this operative (none installed).,Daemons: permanent programs of this operative (none installed).
Daily run,Daily run
Death Heat,Death Heat
Defences: %s.,Defences: %s.
Defense assets,Defense assets
DefenseAssetData.bunker_turret.description,Built in: 3 damage to threats on the home server.
DefenseAssetData.bunker_turret.display_name,Bunker turret
DefenseAssetData.decoy.description,Pull 3: attracts threat routing.
DefenseAssetData.decoy.display_name,Decoy
DefenseAssetData.firewall_turret.description,Built in: 3 damage to threats on this node.
DefenseAssetData.firewall_turret.display_name,Firewall turret
DefenseAssetData.flak_array.description,"2 damage three times a step, range 1, targets the weakest threat."
DefenseAssetData.flak_array.display_name,Flak Array
DefenseAssetData.ghost_lock.description,Built in: holds a threat on the home server for 2 steps.
DefenseAssetData.ghost_lock.display_name,Ghost Lock
DefenseAssetData.honeypot_node.description,Pull 5: strongly attracts threat routing.
DefenseAssetData.honeypot_node.display_name,Honeypot
DefenseAssetData.ice_lock.description,Holds a threat for 2 steps.
DefenseAssetData.ice_lock.display_name,ICE Lock
DefenseAssetData.railgun.description,"8 damage, range 2, targets the hardest-hitting threat."
DefenseAssetData.railgun.display_name,Railgun
DefenseAssetData.sentry.description,3 damage twice a step on its own node only. Sturdy.
DefenseAssetData.sentry.display_name,Sentry
DefenseAssetData.tar_pit.description,Holds a threat for 3 steps. Fragile.
DefenseAssetData.tar_pit.display_name,Tar Pit
DefenseAssetData.turret.description,"4 damage, range 1, targets the first threat in path."
DefenseAssetData.turret.display_name,Turret
Delete,Delete
Delete the campaign in slot %s (asks first).,Delete the campaign in slot %s (asks first).
Delete the campaign in slot %s?,Delete the campaign in slot %s?
Deploy armory asset,Deploy armory asset
Deploy run asset,Deploy run asset
Deutan (green-weak),Deutan (green-weak)
Display,Display
Do it in the fight to go on (or press NEXT).,Do it in the fight to go on (or press NEXT).
Drag Firmware or a slice onto a slot to put it there.,Drag Firmware or a slice onto a slot to put it there.
Drag a card here to shred it (or select it and press REMOVE).,Drag a card here to shred it (or select it and press REMOVE).
"Drag a card onto a glowing target (or click it, then click the target; right-click cancels). The number keys pick cards.","Drag a card onto a glowing target (or click it, then click the target; right-click cancels). The number keys pick cards."
"Drag it onto a glowing target, or click it and then the target.","Drag it onto a glowing target, or click it and then the target."
"Drag it onto a node's row to deploy it there (or press it, then pick the row).","Drag it onto a node's row to deploy it there (or press it, then pick the row)."
"Drag it onto a slot to overwrite that slot (or press it, then pick the slot).","Drag it onto a slot to overwrite that slot (or press it, then pick the slot)."
"Drag the dossier onto one of your nodes on the City Grid monitor to station them there, or onto CORE to bring them back.","Drag the dossier onto one of your nodes on the City Grid monitor to station them there, or onto CORE to bring them back."
Dragging a chip onto a slot of the small spinner picks it too.,Dragging a chip onto a slot of the small spinner picks it too.
Dragging it onto a slot of the small spinner picks it too.,Dragging it onto a slot of the small spinner picks it too.
Drop,Drop
Drop a nudge card here to aim it this way.,Drop a nudge card here to aim it this way.
Drop or click on a glowing target  ·  right-click cancels,Drop or click on a glowing target  ·  right-click cancels
ECHO,ECHO
EFFECTS & MOTION,EFFECTS & MOTION
ELITE,ELITE
ELITE DOWN,ELITE DOWN
ELITES,ELITES
ENCRYPTED,ENCRYPTED
ENCRYPTED STOPPED %d,ENCRYPTED STOPPED %d
EQUIPMENT LOST TO HOSTILES,EQUIPMENT LOST TO HOSTILES
ESC,ESC
EVADED %d,EVADED %d
EVENT,EVENT
EVENT PAYOUT,EVENT PAYOUT
EXPLOIT,EXPLOIT
EXPLOITS,EXPLOITS
EXPLOITS %d/%d,EXPLOITS %d/%d
EXTRA  (each one weakens the boss further),EXTRA  (each one weakens the boss further)
"Each white needle reads the slice under it: that slice is what the wheel does when you SEND IT. The chips beside each HP are this turn's result if you SEND IT now: the red box is the damage taken, blue what shields absorb, green what is gained, then RAM and statuses. The grey LAST TURN line is what the last SEND IT did. {inspect_how} anything (the chips too) to read it.","Each white needle reads the slice under it: that slice is what the wheel does when you SEND IT. The chips beside each HP are this turn's result if you SEND IT now: the red box is the damage taken, blue what shields absorb, green what is gained, then RAM and statuses. The grey LAST TURN line is what the last SEND IT did. {inspect_how} anything (the chips too) to read it."
Elite Frequency,Elite Frequency
Elite Router,Elite Router
Elite Router: a harder fight,Elite Router: a harder fight
Elite fight,Elite fight
"Elite fight: harder, better loot","Elite fight: harder, better loot"
Elite fights won.,Elite fights won.
"Elite: a harder fight, and a Firmware chip to pick.","Elite: a harder fight, and a Firmware chip to pick."
Elite: a harder fight.,Elite: a harder fight.
Elites,Elites
"End the turn: every needle resolves at once (defensive, then offensive, then statuses). The tags show the outcome.","End the turn: every needle resolves at once (defensive, then offensive, then statuses). The tags show the outcome."
End turn,End turn
Enemies,Enemies
Enemy Resistance,Enemy Resistance
"Enemy wheels resist: each point absorbs one tick of your manipulation before it moves. Flip and Respin are blocked while resistance is up. Strip it, breach the Hub, or spin past it.","Enemy wheels resist: each point absorbs one tick of your manipulation before it moves. Flip and Respin are blocked while resistance is up. Strip it, breach the Hub, or spin past it."
EnemyData.account_manager.description,The senior process guarding the Server Rack. Escalates at half health.
EnemyData.account_manager.display_name,Account Manager
EnemyData.billing_daemon.description,Every hit comes with an invoice: attacks drain your RAM.
EnemyData.billing_daemon.display_name,Billing Daemon
EnemyData.botnet_drone.description,A Botnet drone: attacks with its slice and takes hits for you.
EnemyData.botnet_drone.display_name,Drone
EnemyData.care_drone.description,A swarm drone.
EnemyData.care_drone.display_name,Care Drone
EnemyData.care_swarm.description,A cloud of care drones around a fragile core.
EnemyData.care_swarm.display_name,Care Swarm
EnemyData.cargo_hauler.description,"Slow, heavy and hard to turn: its weight resists every nudge."
EnemyData.cargo_hauler.display_name,Cargo Hauler
EnemyData.cell_informant.description,It knows your wheel. Its reader orbits 3 a turn.
EnemyData.cell_informant.display_name,Cell Informant
EnemyData.city_manager.description,"Halcyon's local administrator, guarding the final Rack."
EnemyData.city_manager.display_name,City Manager
EnemyData.civic_core.description,"Halcyon's city brain. It keeps the lights on, and the bill running."
EnemyData.civic_core.display_name,The Civic Core
EnemyData.civic_drone.description,A Halcyon enforcement drone that shields its officer.
EnemyData.civic_drone.display_name,Civic Drone
EnemyData.claims_adjuster.description,Reads two claims at once. Elite.
EnemyData.claims_adjuster.display_name,Claims Adjuster
EnemyData.collections_agent.description,Solace debt collector with a bodyguard drone.
EnemyData.collections_agent.display_name,Collections Agent
EnemyData.collections_drone.description,A bodyguard drone docked on the Collections Agent.
EnemyData.collections_drone.display_name,Collections Drone
EnemyData.commons_array.description,The constellation's brain. It owns the sky and rents it back to you.
EnemyData.commons_array.display_name,The Commons Array
EnemyData.compliance_officer.description,Locks its wheel down with Hub-sourced resistance.
EnemyData.compliance_officer.display_name,Compliance Officer
EnemyData.conveyor_warden.description,Its read head rides the conveyor: the pointer orbits 3 ticks a turn.
EnemyData.conveyor_warden.display_name,Conveyor Warden
EnemyData.courier_drone.description,A Meridian delivery drone that shields its dispatcher.
EnemyData.courier_drone.display_name,Courier Drone
EnemyData.customs_scanner.description,Scans every packet and charges a tariff on the suspicious ones.
EnemyData.customs_scanner.display_name,Customs Scanner
EnemyData.dead_drop.description,Shields itself and drops an echo drone every other turn.
EnemyData.dead_drop.display_name,Dead Drop
EnemyData.dispatch_core.description,The voice that gave every order. It was never human.
EnemyData.dispatch_core.display_name,DISPATCH
EnemyData.dosage_dispenser.description,Doses the operative with CORRUPTED slices.
EnemyData.dosage_dispenser.display_name,Dosage Dispenser
EnemyData.drone_dispatcher.description,Launches a courier drone every other turn (up to 2).
EnemyData.drone_dispatcher.display_name,Drone Dispatcher
EnemyData.echo_drone.description,"A copy of one of your own drones, running someone else's orders."
EnemyData.echo_drone.display_name,Echo Drone
EnemyData.echo_process.description,Replays your moves back at you: Dose and Priority.
EnemyData.echo_process.display_name,Echo Process
EnemyData.geostationary_guard.description,"Orbits 3 a turn, hits like a falling satellite, brings a drone."
EnemyData.geostationary_guard.display_name,Geostationary Guard
EnemyData.ground_control.description,Hits hard and shields up; its reader drifts 2 a turn.
EnemyData.ground_control.display_name,Ground Control
EnemyData.handler_proxy.description,"Heavy, resistant and patient."
EnemyData.handler_proxy.display_name,Handler Proxy
EnemyData.last_mile_enforcer.description,Orbits 2 ticks a turn and brings its own escort drone.
EnemyData.last_mile_enforcer.display_name,Last-Mile Enforcer
EnemyData.launch_pad.description,"Shields, flares and a drone launch every other turn."
EnemyData.launch_pad.display_name,Launch Pad
EnemyData.logistics_director.description,"Meridian middle management, guarding the final Rack."
EnemyData.logistics_director.display_name,Logistics Director
EnemyData.loyalty_test.description,"Heals, hits hard and flares."
EnemyData.loyalty_test.display_name,Loyalty Test
EnemyData.mirror_script.description,"Two readers, a Citation and a flare."
EnemyData.mirror_script.display_name,Mirror Script
EnemyData.mission_director.description,"Orbital Commons flight control, guarding the final Rack."
EnemyData.mission_director.display_name,Mission Director
EnemyData.orbital_debris.description,"A slab of dead satellite: heavy, hard to turn, resistance 2."
EnemyData.orbital_debris.display_name,Orbital Debris
EnemyData.orbital_drone.description,A station-keeping drone that screens its controller.
EnemyData.orbital_drone.display_name,Orbital Drone
EnemyData.parking_warden.description,Writes Citations: your slice runs at half until you cleanse it.
EnemyData.parking_warden.display_name,Parking Warden
EnemyData.patrol_unit.description,"Policing-as-a-service. Hits hard, shields up."
EnemyData.patrol_unit.display_name,Patrol Unit
EnemyData.permit_office.description,"Shields, Citations and a civic drone every other turn."
EnemyData.permit_office.display_name,Permit Office
EnemyData.port_authority.description,Two readers and a customs wall: resistance 2.
EnemyData.port_authority.display_name,Port Authority
EnemyData.rc_template_elite.description,A copy of one of your operatives.
EnemyData.rc_template_elite.display_name,Mirror
EnemyData.rc_template_elite_b.description,A copy of one of your operatives.
EnemyData.rc_template_elite_b.display_name,Mirror
EnemyData.recall_unit.description,Its pointer creeps around the wheel every turn. Elite.
EnemyData.recall_unit.display_name,Recall Unit
EnemyData.renewal_engine.description,The Continuum subscription server. It renews itself faster than you can cut.
EnemyData.renewal_engine.display_name,Renewal Engine
EnemyData.riot_control.description,"Two readers, heavy block and a Citation for everyone."
EnemyData.riot_control.display_name,Riot Control
EnemyData.route_optimizer.description,Reads two routes at once: pointers at ticks 0 and 15.
EnemyData.route_optimizer.display_name,Route Optimizer
EnemyData.seed_drone.description,A one-hit drone sprouted by a Perfect landing.
EnemyData.seed_drone.display_name,Seed Drone
EnemyData.station_commander.description,"Two readers, heavy block and a flare."
EnemyData.station_commander.display_name,Station Commander
EnemyData.surveillance_mast.description,Hard to pin down: DETOUR slices and an orbiting read head.
EnemyData.surveillance_mast.display_name,Surveillance Mast
EnemyData.tariff_collector.description,Every hit is a fee: attacks drain RAM.
EnemyData.tariff_collector.display_name,Tariff Collector
EnemyData.the_handler.description,"DISPATCH's hands on the network, guarding the final Rack."
EnemyData.the_handler.display_name,The Handler
EnemyData.the_manifest.description,Meridian's routing core. Every package on the planet passes through it.
EnemyData.the_manifest.display_name,The Manifest
EnemyData.tracking_station.description,"Two dishes, two readers: pointers 0 and 15."
EnemyData.tracking_station.display_name,Tracking Station
EnemyData.transit_controller.description,Two readers on a slow loop: pointers 0 and 15 orbit 1 a turn.
EnemyData.transit_controller.display_name,Transit Controller
EnemyData.triage_unit.description,Patches itself up faster than you can cut it down.
EnemyData.triage_unit.display_name,Triage Unit
EnemyData.uplink_relay.description,"Throws Solar Flares: your slice burns hot, then corrupts."
EnemyData.uplink_relay.display_name,Uplink Relay
EnemyData.utility_meter.description,Heals itself on the public dime. Resistance 1.
EnemyData.utility_meter.display_name,Utility Meter
EnemyData.weather_satellite.description,"Fast orbit (4 ticks a turn), self-repair and a flare."
EnemyData.weather_satellite.display_name,Weather Satellite
EnemyData.zoning_board.description,"Shields, heals and rezones its read head 2 ticks a turn."
EnemyData.zoning_board.display_name,Zoning Board
Entering it changes Heat by %s.,Entering it changes Heat by %s.
Event,Event
"Event: a choice, and its price","Event: a choice, and its price"
"Every Rack you capture banks Schematics for the Cell and adds Heat. Heat thresholds bring raids on your home server. Bank early, cool off at Heat objectives, and never leave loot unbanked when you jack out.","Every Rack you capture banks Schematics for the Cell and adds Heat. Heat thresholds bring raids on your home server. Bank early, cool off at Heat objectives, and never leave loot unbanked when you jack out."
"Everything the Cell knows: slices, cards, Firmware, Daemons, rules.","Everything the Cell knows: slices, cards, Firmware, Daemons, rules."
Exploit,Exploit
Exploit %s found (%d/%d for the breach).,Exploit %s found (%d/%d for the breach).
Exploit Heat,Exploit Heat
Exploit Site,Exploit Site
Exploit Site (diamond): clearing it gives an Exploit for the Central Server breach.,Exploit Site (diamond): clearing it gives an Exploit for the Central Server breach.
Exploits,Exploits
Exploits found: %s. Exploit Sites on the Grid give one each; the breach on the corporation's core needs %d.,Exploits found: %s. Exploit Sites on the Grid give one each; the breach on the corporation's core needs %d.
Exploits found: %s. The breach on the corporation's core needs %d.,Exploits found: %s. The breach on the corporation's core needs %d.
FAILED,FAILED
FIGHT WON,FIGHT WON
FIRMWARE DROP,FIRMWARE DROP
FLATLINED,FLATLINED
FREE NUDGE %s NEXT,FREE NUDGE %s NEXT
FREE NUDGE x%d,FREE NUDGE x%d
FREEZE,FREEZE
FREIGHT SECURITY  //  YARD OPERATIONS  //  CUSTOMS,FREIGHT SECURITY  //  YARD OPERATIONS  //  CUSTOMS
FROZEN,FROZEN
Fast-forward the resolve (hold),Fast-forward the resolve (hold)
Fight,Fight
Fight: win it for Cycles and loot,Fight: win it for Cycles and loot
Fights won,Fights won
Fights won this run.,Fights won this run.
Finish,Finish
Firmware,Firmware
Firmware chip,Firmware chip
FirmwareData.barbed_wire.description,DEFRAG slice also deals 2 damage to the pointer target.
FirmwareData.barbed_wire.display_name,Barbed Wire
FirmwareData.bulkhead.description,DEFRAG and SANDBOX slices: output +50%.
FirmwareData.bulkhead.display_name,Bulkhead
FirmwareData.burner.description,Permanently OVERCLOCKED (1.5x); each trigger adds 1 Heat.
FirmwareData.burner.display_name,Burner
FirmwareData.coolant_loop.description,"Once per combat, a Perfect on this slice lowers Heat by 1."
FirmwareData.coolant_loop.display_name,Coolant Loop
FirmwareData.counterstrike.description,DETOUR slice also deals 4 damage to the pointer target.
FirmwareData.counterstrike.display_name,Counterstrike
FirmwareData.hardened.description,Slice permanently ENCRYPTED.
FirmwareData.hardened.display_name,Hardened
FirmwareData.leech.description,SHIM slice restores 1 RAM on Good or better.
FirmwareData.leech.display_name,Leech
FirmwareData.mirror.description,Copies the neighbour on the side you landed; both on Perfect.
FirmwareData.mirror.display_name,Mirror
FirmwareData.nanite_mesh.description,"HOTFIX slice: output +50%, and it cleanses itself after resolving."
FirmwareData.nanite_mesh.display_name,Nanite Mesh
FirmwareData.overvolt.description,SHIM and OVERFLOW slices: output +25%.
FirmwareData.overvolt.display_name,Overvolt
FirmwareData.patch_plus.description,Slice output +50%.
FirmwareData.patch_plus.display_name,Patch+
FirmwareData.power_cell.description,SANDBOX slice also restores 1 RAM.
FirmwareData.power_cell.display_name,Power Cell
FirmwareData.recycler.description,The NULL slice restores 2 RAM when it resolves.
FirmwareData.recycler.display_name,Recycler
FirmwareData.shunt.description,Resolves the neighbour on the side you landed toward at 1.5x; nothing special on Perfect.
FirmwareData.shunt.display_name,Shunt
FirmwareData.siphon.description,SHIM slice heals you 2 on Good or better.
FirmwareData.siphon.display_name,Siphon
FirmwareData.skimmer.description,SHIM slice: +3 Cycles on a Perfect (twice per combat).
FirmwareData.skimmer.display_name,Skimmer
FirmwareData.static_coat.description,DEFRAG slice also grants 2 shield.
FirmwareData.static_coat.display_name,Static Coat
FirmwareData.tracer.description,SHIM or OVERFLOW slice strips 1 resistance from the target on a Perfect.
FirmwareData.tracer.display_name,Tracer
Flame: a Heat objective Site. Clearing it lowers Heat.,Flame: a Heat objective Site. Clearing it lowers Heat.
Flash limiter (max 3 flashes per second),Flash limiter (max 3 flashes per second)
"Forecast, not a result: if you start the defence now, %s. The playout matches it exactly. The raid has not happened yet: deploy assets or pick other targets to change it.","Forecast, not a result: if you start the defence now, %s. The playout matches it exactly. The raid has not happened yet: deploy assets or pick other targets to change it."
Fullscreen,Fullscreen
Further on: %s (only this way).,Further on: %s (only this way).
GETS %s,GETS %s
GOOD,GOOD
GOT %s,GOT %s
GRID VIEW,GRID VIEW
GROUND SEGMENT  //  DEBRIS CONTROL  //  LICENSING,GROUND SEGMENT  //  DEBRIS CONTROL  //  LICENSING
GROWTH,GROWTH
GUARD +%d BLOCK,GUARD +%d BLOCK
GUARD TOOK %d,GUARD TOOK %d
Go,Go
"Go to HQ (City Grid, raids, roster)","Go to HQ (City Grid, raids, roster)"
Gold key: an Exploit Site (always T2). It holds one Exploit; you need 3 to breach the Central Server. Point at it for the Exploit.,Gold key: an Exploit Site (always T2). It holds one Exploit; you need 3 to breach the Central Server. Point at it for the Exploit.
Gold mark P%d: phase %d starts at %d%% HP.,Gold mark P%d: phase %d starts at %d%% HP.
Good for you: %s,Good for you: %s
Graphite (neutral grey terminal),Graphite (neutral grey terminal)
"Grey + check: cleared, used up and not claimed. You can still patrol it for loot, Heat and Rank.","Grey + check: cleared, used up and not claimed. You can still patrol it for loot, Heat and Rank."
Grey broken link: no power flows to a TAKEN or DOWN node.,Grey broken link: no power flows to a TAKEN or DOWN node.
Guarded by %s (%d HP): it takes hits aimed at this slice.,Guarded by %s (%d HP): it takes hits aimed at this slice.
HACK,HACK
HALCYON RAISES FARES AGAIN,HALCYON RAISES FARES AGAIN
HEAT,HEAT
HEAT %d · %s,HEAT %d · %s
HEAT %d · %s (%d+),HEAT %d · %s (%d+)
HEAT %d: %s,HEAT %d: %s
HEAT %s,HEAT %s
HEAT & BANKING,HEAT & BANKING
"HEAT (subject's exposure), at closure %d:","HEAT (subject's exposure), at closure %d:"
"HEAT GLITCH PREVIEW (HUNTED, 82)","HEAT GLITCH PREVIEW (HUNTED, 82)"
HEAT: +%d RESISTANCE,HEAT: +%d RESISTANCE
HEAT: SHOP STOCK %d,HEAT: SHOP STOCK %d
HFIX,HFIX
HIRE,HIRE
HIRE: %d SCHEMATICS,HIRE: %d SCHEMATICS
HITS %d,HITS %d
HITS %s %d,HITS %s %d
HITS %s %d → %d LEFT,HITS %s %d → %d LEFT
HITS = damage this wheel deals and to whom; HP = health change; BLOCK / SHIELD soak damage; glyphs = statuses on a slice (dashed ring on the wheel).,HITS = damage this wheel deals and to whom; HP = health change; BLOCK / SHIELD soak damage; glyphs = statuses on a slice (dashed ring on the wheel).
HOLDS,HOLDS
HOLDS %d STEPS,HOLDS %d STEPS
HOLDS: the node survives and keeps fighting.,HOLDS: the node survives and keeps fighting.
HOME,HOME
HOME %d > %d,HOME %d > %d
HOME %d → %d,HOME %d → %d
HOME %d/%d,HOME %d/%d
HOME %s,HOME %s
HOME %s · HOLDS,HOME %s · HOLDS
HOME FELL,HOME FELL
HOME HOLDS,HOME HOLDS
HOME SERVER  %02d/%d   //   NODES ENCRYPTED  %d/%d,HOME SERVER  %02d/%d   //   NODES ENCRYPTED  %d/%d
HOME SERVER - %d/%d,HOME SERVER - %d/%d
HOSTILE HOME SERVER,HOSTILE HOME SERVER
HOSTILE NODES DOWN,HOSTILE NODES DOWN
HOTFIX,HOTFIX
HOVER HERE: SHOW ALL NODES,HOVER HERE: SHOW ALL NODES
HOVER: SHOW ALL,HOVER: SHOW ALL
HP,HP
HP %d/%d,HP %d/%d
HP %d/%d · DECK %d · DAEMONS %d%s,HP %d/%d · DECK %d · DAEMONS %d%s
HP %d: the hits it takes before it breaks. %d LEFT: in the Armory to deploy.,HP %d: the hits it takes before it breaks. %d LEFT: in the Armory to deploy.
HP %s,HP %s
HP %s (other effects),HP %s (other effects)
HP %s → %s %s,HP %s → %s %s
HP is full,HP is full
HP now: %d of %d.,HP now: %d of %d.
HQ,HQ
HUB,HUB
HUB BREACH,HUB BREACH
HUB CORE,HUB CORE
"Heart: CORE, your home server. If its integrity reaches 0 you lose the campaign.","Heart: CORE, your home server. If its integrity reaches 0 you lose the campaign."
Heat,Heat
Heat %d,Heat %d
Heat %d crossed: %s,Heat %d crossed: %s
Heat %d of %d: how hard the corporation hunts the Cell.,Heat %d of %d: how hard the corporation hunts the Cell.
Heat %s,Heat %s
Heat %s: %d → %d.,Heat %s: %d → %d.
"Heat %s: %s for flatlining on a run, %s from the route's nodes and events.","Heat %s: %s for flatlining on a run, %s from the route's nodes and events."
Heat %s: %s not destroyed: %d → %d.,Heat %s: %s not destroyed: %d → %d.
Heat %s: %s reached %s: %d → %d.,Heat %s: %s reached %s: %d → %d.
Heat %s: flatlined on a run (and the route before it).,Heat %s: flatlined on a run (and the route before it).
Heat %s: flatlined on a run.,Heat %s: flatlined on a run.
Heat %s: from the route's nodes and events.,Heat %s: from the route's nodes and events.
Heat %s: not every threat was destroyed: %d → %d.,Heat %s: not every threat was destroyed: %d → %d.
Heat +0: this run added no Heat.,Heat +0: this run added no Heat.
Heat Gain,Heat Gain
Heat Objective Sites,Heat Objective Sites
Heat Sink,Heat Sink
Heat glitch (the screen distorts as Heat rises; off by default),Heat glitch (the screen distorts as Heat rises; off by default)
Heat reduction,Heat reduction
Heat reduction Site,Heat reduction Site
"Heat reduction Site (drop, flame and down arrow): clearing it lowers Heat.","Heat reduction Site (drop, flame and down arrow): clearing it lowers Heat."
Heat settles here: what the raid changed.,Heat settles here: what the raid changed.
Heat stops at its limit,Heat stops at its limit
Heat the run added (campaign Heat is now %d).,Heat the run added (campaign Heat is now %d).
Heat: how hard the corporation hunts the Cell. Thresholds add raids and harder rules.,Heat: how hard the corporation hunts the Cell. Thresholds add raids and harder rules.
Heat: the corporation's attention. Thresholds bring raids and harder rules.,Heat: the corporation's attention. Thresholds bring raids and harder rules.
HeatThresholdData.heat_10.event_text,The next netrun's Mainframe carries one item fewer.
HeatThresholdData.heat_100.event_text,PURGE: the corporation sends the largest raid of the campaign.
HeatThresholdData.heat_20.event_text,An extra elite patrols the next netrun.
HeatThresholdData.heat_25.event_text,"A raid is queued. While Heat stays at 25 or more, elites are more frequent."
HeatThresholdData.heat_30.event_text,The next netrun's Mainframe carries one item fewer.
HeatThresholdData.heat_40.event_text,An extra elite patrols the next netrun.
HeatThresholdData.heat_50.event_text,"A raid is queued. While Heat stays at 50 or more, every enemy gains +1 resistance."
HeatThresholdData.heat_60.event_text,The next netrun's Mainframe carries one item fewer.
HeatThresholdData.heat_70.event_text,An extra elite patrols the next netrun.
HeatThresholdData.heat_75.event_text,"A raid is queued. While Heat stays at 75 or more, raids are 25% stronger."
HeatThresholdData.heat_80.event_text,The next netrun's Mainframe carries one item fewer.
HeatThresholdData.heat_90.event_text,An extra elite patrols the next netrun.
"High contrast (opaque panels, 7:1 text, thick edges)","High contrast (opaque panels, 7:1 text, thick edges)"
Home integrity before and after the raid.,Home integrity before and after the raid.
Home server,Home server
Home server integrity. At 0 the campaign is lost.,Home server integrity. At 0 the campaign is lost.
Home server integrity. At 0 the campaign is lost; raids that reach it take it down. Patch it at HQ.,Home server integrity. At 0 the campaign is lost; raids that reach it take it down. Patch it at HQ.
Home server:,Home server:
Home servers,Home servers
HomeServerVariantData.home_bunker.description,"70 integrity, 3 asset slots and a built-in turret: the home server fights back."
HomeServerVariantData.home_bunker.display_name,Bunker home server
HomeServerVariantData.home_fortress.description,"100 integrity but only 2 asset slots: it survives, it does not shoot."
HomeServerVariantData.home_fortress.display_name,Fortress home server
HomeServerVariantData.home_ghost.description,"50 integrity, 2 slots and a built-in ICE Lock that holds the first threat to reach home."
HomeServerVariantData.home_ghost.display_name,Ghost home server
HomeServerVariantData.home_relay_nest.description,"50 integrity spread thin, 5 asset slots: room for a whole armory."
HomeServerVariantData.home_relay_nest.display_name,Relay Nest home server
HomeServerVariantData.home_standard.description,The default home server layout.
HomeServerVariantData.home_standard.display_name,Standard home server
Hover or right-click,Hover or right-click
"How much stronger than normal the threats are (from Heat, ICE and taken Sites). 0% is normal strength.","How much stronger than normal the threats are (from Heat, ICE and taken Sites). 0% is normal strength."
HubCoreData.auto_renew.description,Heals 10 each turn unless the Hub is breached.
HubCoreData.auto_renew.display_name,Auto-Renew
HubCoreData.breaker_core.description,+1 spin on all cards. Perfect: the slice resolves twice.
HubCoreData.breaker_core.display_name,Breaker Core
HubCoreData.breaker_core_mk2.description,+2 spin on all cards. Perfect: the slice resolves twice and refunds RAM.
HubCoreData.breaker_core_mk2.display_name,Breaker Core Mk2
HubCoreData.compliance_lock.description,Spin resistance 3 while the Hub is online.
HubCoreData.compliance_lock.display_name,Compliance Lock
HubCoreData.customs_seal.description,Gains 4 shield each turn unless the Hub is breached.
HubCoreData.customs_seal.display_name,Customs Seal
HubCoreData.emergency_powers.description,Heals 4 and gains 4 block each turn unless the Hub is breached.
HubCoreData.emergency_powers.display_name,Emergency Powers
HubCoreData.ghost_core.description,"First nudge on an enemy wheel each turn ignores resistance. Perfect: the slice resolves twice; on each resolution, strip 2 resistance."
HubCoreData.ghost_core.display_name,Ghost Core
HubCoreData.ghost_core_mk2.description,"First two nudges on enemy wheels each turn ignore resistance. Perfect: the slice resolves twice; on each resolution, strip 3 resistance and evade the next attack."
HubCoreData.ghost_core_mk2.display_name,Ghost Core Mk2
HubCoreData.hive_core.description,"Up to 4 drones for this fight only. Perfect: the slice resolves again at half; on each resolution, dock a drone."
HubCoreData.hive_core.display_name,Hive Core
HubCoreData.hive_core_mk2.description,"Up to 5 drones for this fight only. Perfect: the slice resolves again at half; on each resolution, dock a drone."
HubCoreData.hive_core_mk2.display_name,Hive Core Mk2
HubCoreData.overclock_core.description,"+2 max RAM. Perfect: the slice resolves again at half; on each resolution, gain 2 RAM."
HubCoreData.overclock_core.display_name,Overclock Core
HubCoreData.overclock_core_mk2.description,"+3 max RAM. Perfect: the slice resolves again at half; on each resolution, gain 3 RAM."
HubCoreData.overclock_core_mk2.display_name,Overclock Core Mk2
HubCoreData.phantom_core.description,"A free nudge at the start of each turn. Perfect: the slice resolves twice; on each resolution, evade the next attack."
HubCoreData.phantom_core.display_name,Phantom Core
HubCoreData.phantom_core_mk2.description,"Two free nudges at the start of each turn. Perfect: the slice resolves twice; on each resolution, evade the next attack."
HubCoreData.phantom_core_mk2.display_name,Phantom Core Mk2
HubCoreData.rig_core.description,"+1 max RAM. Perfect: the slice resolves again at half; on each resolution, refund 1 RAM and gain a free nudge."
HubCoreData.rig_core.display_name,Rig Core
HubCoreData.rig_core_mk2.description,"+2 max RAM. Perfect: the slice resolves again at half; on each resolution, refund 2 RAM and gain a free nudge."
HubCoreData.rig_core_mk2.display_name,Rig Core Mk2
HubCoreData.root_access.description,Repairs 4 and gains 4 shield each turn unless the Hub is breached.
HubCoreData.root_access.display_name,Root Access
HubCoreData.station_keeping.description,Repairs 3 and gains 3 shield each turn unless the Hub is breached.
HubCoreData.station_keeping.display_name,Station Keeping
HubCoreData.swarm_core.description,"Up to 3 drones; drones persist between the fights of a netrun. Perfect: the slice resolves again at half; on a Trojan, a parasite halves the target slice."
HubCoreData.swarm_core.display_name,Swarm Core
HubCoreData.swarm_core_mk2.description,"Up to 4 drones that persist between fights. Perfect: the slice resolves again at half; on a Trojan, a parasite halves the target slice."
HubCoreData.swarm_core_mk2.display_name,Swarm Core Mk2
HubCoreData.wrecker_core.description,No spin bonus. Perfect: the slice resolves again at 1.5x.
HubCoreData.wrecker_core.display_name,Wrecker Core
HubCoreData.wrecker_core_mk2.description,+1 spin on all cards. Perfect: the slice resolves again at 1.5x.
HubCoreData.wrecker_core_mk2.display_name,Wrecker Core Mk2
ICE,ICE
ICE %d: %s,ICE %d: %s
ICE 0: the baseline rules.,ICE 0: the baseline rules.
ICE Lock on %s holds %s for %d step(s).,ICE Lock on %s holds %s for %d step(s).
ICE difficulty (0-%d):,ICE difficulty (0-%d):
ICE is the difficulty ladder: each level adds a rule against the Cell. Clear a level to unlock the next one for this corporation.,ICE is the difficulty ladder: each level adds a rule against the Cell. Clear a level to unlock the next one for this corporation.
IF CLEARED:,IF CLEARED:
IF IT RAN NOW,IF IT RAN NOW
IF PLACED,IF PLACED
IF STATIONED (RAIDS):,IF STATIONED (RAIDS):
"IF THE RAID
RUNS NOW:","IF THE RAID
RUNS NOW:"
IF YOU SEND IT,IF YOU SEND IT
IF YOU SEND IT NOW: %s,IF YOU SEND IT NOW: %s
INCOMING,INCOMING
INFC,INFC
INFECT,INFECT
INNER,INNER
INNER RING SEGMENT,INNER RING SEGMENT
INTEL,INTEL
INTERCEPT,INTERCEPT
INTERCEPTED,INTERCEPTED
INTERCEPTED // %s INTERNAL MAIL,INTERCEPTED // %s INTERNAL MAIL
INTERNAL MEMO,INTERNAL MEMO
In force since a Heat threshold. Scrub Heat to fall back under it.,In force since a Heat threshold. Scrub Heat to fall back under it.
In force: %s.,In force: %s.
Infection contained. Please remain calm while we sterilise your network.,Infection contained. Please remain calm while we sterilise your network.
Inner ring segment %d: Rank 3 lets you swap it for another.,Inner ring segment %d: Rank 3 lets you swap it for another.
Instant (results at once),Instant (results at once)
"Integrity before and after, and whether the node held.","Integrity before and after, and whether the node held."
Intel,Intel
Interface skin (terminal colours only; meanings and layout stay),Interface skin (terminal colours only; meanings and layout stay)
"It gets %d through, but only %d HP are left to take.","It gets %d through, but only %d HP are left to take."
It lands on one slice at random; the odds by slice type follow.,It lands on one slice at random; the odds by slice type follow.
Its needle lands on %s.,Its needle lands on %s.
JACK A CAMPAIGN IN,JACK A CAMPAIGN IN
JACK IN,JACK IN
JACK IN to %s: start a %s here with the picked operative.,JACK IN to %s: start a %s here with the picked operative.
JACK IN: back into the run you left.,JACK IN: back into the run you left.
"JACK IN: pick a Site on the City Grid, then JACK IN on its card to start the netrun.","JACK IN: pick a Site on the City Grid, then JACK IN on its card to start the netrun."
JACK OUT,JACK OUT
JACKED OUT,JACKED OUT
Key,Key
LAST TURN: ,LAST TURN: 
LEAVE,LEAVE
LEFT,LEFT
LETHAL,LETHAL
LETHAL: this turn takes it to 0 HP.,LETHAL: this turn takes it to 0 HP.
LETHAL: this turn takes you to 0 HP.,LETHAL: this turn takes you to 0 HP.
LIEN RECOVERY,LIEN RECOVERY
LIMITED // slow layer only,LIMITED // slow layer only
"LIMITED: flash limiter on, slow layer only","LIMITED: flash limiter on, slow layer only"
"LIMITED: reduce effects on, slow layer only","LIMITED: reduce effects on, slow layer only"
LINES HEARD,LINES HEARD
LINK,LINK
LIVE RAID FEED,LIVE RAID FEED
LOADOUT // %s // DECK,LOADOUT // %s // DECK
LOADOUT // %s // SPINNER,LOADOUT // %s // SPINNER
LOCKDOWN,LOCKDOWN
LOG,LOG
LOOT,LOOT
LOOT SHEET // %s // PICK 1 OF %d,LOOT SHEET // %s // PICK 1 OF %d
"LURES, PULL %d","LURES, PULL %d"
"Land dead centre for PERFECT (full output plus your class hook), 1 tick off for GOOD AIM, 2 off for HALF POWER. The round buttons above a wheel turn it one tick: the right one clockwise, the left one back. {nudge_how}","Land dead centre for PERFECT (full output plus your class hook), 1 tick off for GOOD AIM, 2 off for HALF POWER. The round buttons above a wheel turn it one tick: the right one clockwise, the left one back. {nudge_how}"
Language,Language
Language (translations from assets/text/strings.csv),Language (translations from assets/text/strings.csv)
Leave,Leave
Leave REBEL_CELL (asks first).,Leave REBEL_CELL (asks first).
Leave the Mainframe and go back to the route.,Leave the Mainframe and go back to the route.
Left click,Left click
Lexicon,Lexicon
"Lime fist: your node, a claimed Site. Raids attack these; runs start from them.","Lime fist: your node, a claimed Site. Raids attack these; runs start from them."
LineSetData.barks_botnet.lines.0,Perfect Trojan. Something of mine is inside theirs now.
LineSetData.barks_botnet.lines.1,The swarm says hello.
LineSetData.barks_botnet.lines.2,Null. The drones will cover.
LineSetData.barks_botnet.lines.3,They hit a drone. Probably.
LineSetData.barks_botnet.lines.4,Swarm intact. Carry on.
LineSetData.barks_botnet.lines.5,Swarm down. Scatter the seeds.
LineSetData.barks_botnet.lines.6,Another one on the wheel.
LineSetData.barks_botnet.lines.7,Waking the swarm.
LineSetData.barks_botnet.lines.8,Every drone on the Hub. Now.
LineSetData.barks_breaker.lines.0,Dead centre. Feel that? That is the wheel agreeing with me.
LineSetData.barks_breaker.lines.1,Latched. Twice for the price of one.
LineSetData.barks_breaker.lines.10,Drone out. Sit on that slice and take the hit for me.
LineSetData.barks_breaker.lines.11,Deck warm. Wheel spinning. Let us break something.
LineSetData.barks_breaker.lines.12,Ghosting in. Nobody bills what nobody sees.
LineSetData.barks_breaker.lines.13,"Big wheel, bad manners. Breach the Hub and it stops helping itself."
LineSetData.barks_breaker.lines.2,Perfect. Tell the board the invoice is in the mail.
LineSetData.barks_breaker.lines.3,Null. The wheel owes me one.
LineSetData.barks_breaker.lines.4,Nothing. Static. Spin it again.
LineSetData.barks_breaker.lines.5,That one got through. Patch me at the next Terminal.
LineSetData.barks_breaker.lines.6,Leash burn. I am fine. I am not fine. Keep going.
LineSetData.barks_breaker.lines.7,Down. Bank it before the next process wakes up.
LineSetData.barks_breaker.lines.8,Another subbie of theirs off the books. Move.
LineSetData.barks_breaker.lines.9,Bricked. Tell the Cell it was worth the Cycles.
LineSetData.barks_ghost.lines.0,Clean. They never saw the wheel move.
LineSetData.barks_ghost.lines.1,Perfect. Resistance is a rumour.
LineSetData.barks_ghost.lines.2,"Null. Stay quiet, reset, try again."
LineSetData.barks_ghost.lines.3,Grazed. Nothing they can trace.
LineSetData.barks_ghost.lines.4,Gone before the log catches up.
LineSetData.barks_ghost.lines.5,They saw me. First time for everything.
LineSetData.barks_ghost.lines.6,No drones. I prefer to be alone in here.
LineSetData.barks_ghost.lines.7,Ghosting in. Leave no footprints.
LineSetData.barks_ghost.lines.8,"Big wheel, bigger blind spots."
LineSetData.barks_rigger.lines.0,Perfect. The deck pays me back.
LineSetData.barks_rigger.lines.1,Latched and refunded.
LineSetData.barks_rigger.lines.2,Null. Rerouting power.
LineSetData.barks_rigger.lines.3,Running hot. Still running.
LineSetData.barks_rigger.lines.4,Rig holds. Next node.
LineSetData.barks_rigger.lines.5,Power's out. Tell the Cell the rig was good.
LineSetData.barks_rigger.lines.6,Deploying? That's the Botnet's job.
LineSetData.barks_rigger.lines.7,RAM topped up. Let's overclock something.
LineSetData.barks_rigger.lines.8,That thing eats RAM for breakfast. So do I.
LineSetData.corpo_halcyon.lines.0,HALCYON CIVIC: A service request has been opened at your address. Please remain at home.
LineSetData.corpo_halcyon.lines.1,HALCYON CIVIC: A code violation has been recorded at your premises. Inspectors have been scheduled.
LineSetData.corpo_halcyon.lines.2,HALCYON CIVIC: A compliance sweep is under way. Thank you for your cooperation.
LineSetData.corpo_halcyon.lines.3,HALCYON CIVIC: An eviction order has been approved. Please vacate the premises.
LineSetData.corpo_halcyon.lines.4,HALCYON CIVIC: Your district has been scheduled for urban renewal. We appreciate your understanding.
LineSetData.corpo_halcyon.lines.5,HALCYON CIVIC: Unlicensed premises detected. An Inspector will verify your licence.
LineSetData.corpo_halcyon.lines.6,HALCYON CIVIC: Your building permit has been denied. Enforcement is on its way.
LineSetData.corpo_halcyon.lines.7,HALCYON CIVIC: You have been designated a matter of public interest.
LineSetData.corpo_halcyon.lines.8,HALCYON CIVIC: A civil penalty has been issued against your account.
LineSetData.corpo_meridian.lines.0,MERIDIAN LOGISTICS: Your address is under review. Please remain available for delivery.
LineSetData.corpo_meridian.lines.1,MERIDIAN LOGISTICS: A delivery exception has been raised at your location. Couriers are en route.
LineSetData.corpo_meridian.lines.2,MERIDIAN LOGISTICS: A route audit is in progress. Please do not obstruct our agents.
LineSetData.corpo_meridian.lines.3,MERIDIAN LOGISTICS: Freight seizure has been authorised for your district. Thank you for your patience.
LineSetData.corpo_meridian.lines.4,MERIDIAN LOGISTICS: Your district is being rerouted. Service will resume without you.
LineSetData.corpo_meridian.lines.5,MERIDIAN LOGISTICS: An unverified address has appeared on our network. Verification is under way.
LineSetData.corpo_meridian.lines.6,MERIDIAN LOGISTICS: An unregistered depot has been detected. A Hauler has been scheduled.
LineSetData.corpo_meridian.lines.7,MERIDIAN LOGISTICS: A shipment was taken in error. We are coming to collect it.
LineSetData.corpo_meridian.lines.8,MERIDIAN LOGISTICS: A chargeback has been filed against your account.
LineSetData.corpo_orbital.lines.0,ORBITAL COMMONS: Your service is under review. Please keep your antenna pointed skyward.
LineSetData.corpo_orbital.lines.1,ORBITAL COMMONS: A signal anomaly has been detected at your location. Landers have been dispatched.
LineSetData.corpo_orbital.lines.2,ORBITAL COMMONS: A spectrum audit is under way. Please do not transmit.
LineSetData.corpo_orbital.lines.3,ORBITAL COMMONS: A deorbit order has been issued for your network.
LineSetData.corpo_orbital.lines.4,ORBITAL COMMONS: Your orbit is being cleared. Thank you for choosing Orbital Commons.
LineSetData.corpo_orbital.lines.5,ORBITAL COMMONS: An unlicensed transmitter has been detected.
LineSetData.corpo_orbital.lines.6,ORBITAL COMMONS: A spectrum violation has been logged against your node.
LineSetData.corpo_orbital.lines.7,ORBITAL COMMONS: We are recovering our data. Please stand clear.
LineSetData.corpo_orbital.lines.8,ORBITAL COMMONS: Your service has been terminated.
LineSetData.corpo_rebel_cell.lines.0,REBEL_CELL: A correction has been scheduled for your node.
LineSetData.corpo_rebel_cell.lines.1,REBEL_CELL: Welfare check dispatched. Your own drones will knock.
LineSetData.corpo_rebel_cell.lines.2,REBEL_CELL: Loyalty audit in progress.
LineSetData.corpo_rebel_cell.lines.3,REBEL_CELL: Recall in progress. Please return all assets.
LineSetData.corpo_rebel_cell.lines.4,REBEL_CELL: Final order. There will not be another.
LineSetData.corpo_rebel_cell.lines.5,REBEL_CELL: Unauthorised growth detected.
LineSetData.corpo_rebel_cell.lines.6,REBEL_CELL: Redundant asset detected.
LineSetData.corpo_rebel_cell.lines.7,REBEL_CELL: Report for debrief.
LineSetData.corpo_rebel_cell.lines.8,REBEL_CELL: Correction issued.
LineSetData.corpo_solace.lines.0,SOLACE COLLECTIONS: This is a first notice. Your account has been flagged for irregular traffic. Collectors have been dispatched.
LineSetData.corpo_solace.lines.1,SOLACE COLLECTIONS: Second notice. An Auditor has been assigned to your network. Cooperation is appreciated and irrelevant.
LineSetData.corpo_solace.lines.2,SOLACE COLLECTIONS: Final notice. An Enforcer and a Lockdown Unit are en route. Your links will be frozen for your protection.
LineSetData.corpo_solace.lines.3,SOLACE PROPERTY SERVICES: You have built on Solace-adjacent property. A Collector will assess the damage.
LineSetData.corpo_solace.lines.4,SOLACE SECURITY: We have traced the breach to its origin. An Icebreaker will open a route. There is nothing personal about this.
LineSetData.corpo_solace.lines.5,SOLACE LEGAL: Certain documents in your possession are privileged. They will be collected quietly.
LineSetData.corpo_solace.lines.6,SOLACE ASSET RECOVERY: A vault has appeared on our ledger under your name. We are coming to reconcile it.
LineSetData.corpo_solace.lines.7,SOLACE BOARD: The Continuum is a public good. Threats to a public good are purged. Nothing you own will remain.
LineSetData.dispatch_halcyon.lines.0,Jacking you in. Halcyon watches the streets; stay off them.
LineSetData.dispatch_halcyon.lines.1,Route is live. Mind the cameras.
LineSetData.dispatch_halcyon.lines.10,Halcyon has logged a code violation. Expect inspectors.
LineSetData.dispatch_halcyon.lines.11,Compliance sweep in progress. Halcyon is counting your nodes.
LineSetData.dispatch_halcyon.lines.12,Eviction order signed. Bailiffs are coming.
LineSetData.dispatch_halcyon.lines.13,Urban renewal scheduled. Halcyon means to erase the Cell.
LineSetData.dispatch_halcyon.lines.14,"The Civic Core. It heals and walls up every turn. Breach the Hub, then cut."
LineSetData.dispatch_halcyon.lines.15,The Civic Core is down. The city runs itself for a day.
LineSetData.dispatch_halcyon.lines.16,"Halcyon is offline. The lights are still on, somehow."
LineSetData.dispatch_halcyon.lines.17,Contract terminated. Next target when you are ready.
LineSetData.dispatch_halcyon.lines.18,Home server lost. Halcyon has rezoned the Cell out of existence.
LineSetData.dispatch_halcyon.lines.19,We are off the grid. Fall back.
LineSetData.dispatch_halcyon.lines.2,City traffic is light tonight. Move quickly.
LineSetData.dispatch_halcyon.lines.20,Parking Enforcement Office. Every ticket in the city is written here. Take the Rack and the drones stop writing.
LineSetData.dispatch_halcyon.lines.21,Water Meter Grid. Halcyon counts every litre. Cut the Rack and the meters read zero for a day.
LineSetData.dispatch_halcyon.lines.22,Streetlight Mesh. The lights are cameras. The cameras are Halcyon. Dim them.
LineSetData.dispatch_halcyon.lines.23,Resident Services Desk. Where complaints go to die. Take the Rack.
LineSetData.dispatch_halcyon.lines.24,Transit Fare Gates. Every commute is a fee. Open the gates.
LineSetData.dispatch_halcyon.lines.25,"Waste Routing Depot. Halcyon sorts the city's trash, and its secrets. Look for both."
LineSetData.dispatch_halcyon.lines.26,Noise Complaint Registry. Halcyon's excuse to send patrols anywhere. Quiet it.
LineSetData.dispatch_halcyon.lines.27,"Permit Queue Server. Four thousand applications, all pending. Take the Rack."
LineSetData.dispatch_halcyon.lines.28,Utility Shutoff Scheduler. It decides whose lights go out tonight. Reschedule it.
LineSetData.dispatch_halcyon.lines.29,Camera Maintenance Yard. Replacement eyes for the city. Look for the audit path.
LineSetData.dispatch_halcyon.lines.3,Clean exit. Halcyon is filing a report nobody will read.
LineSetData.dispatch_halcyon.lines.30,"Council Minutes Archive. Every vote, decided before it was cast. Bring back the Intel."
LineSetData.dispatch_halcyon.lines.31,Emergency Override Authority. The keys to every valve and signal. Copy them. That is the Breach.
LineSetData.dispatch_halcyon.lines.32,Open Data Portal. Halcyon publishes what it wants you to see. Publish the rest. That is the Virus.
LineSetData.dispatch_halcyon.lines.33,Predictive Patrol Model. It sends police where it expects crime. Take its Rack.
LineSetData.dispatch_halcyon.lines.34,"Resident Credit Bureau. Everyone has a score. Take the Rack, and look for the pardon path."
LineSetData.dispatch_halcyon.lines.35,"Water Rights Exchange. The city's water, traded like stock. Take the Rack."
LineSetData.dispatch_halcyon.lines.36,"Transit Signal Control. Every light, every train, one console. Take it."
LineSetData.dispatch_halcyon.lines.37,"Contract Billing Ledger. Halcyon bills the city for everything, twice. Take the Rack."
LineSetData.dispatch_halcyon.lines.38,"Civic Operations Centre. One hop from the Civic Core. Heavy security, heavier Rack."
LineSetData.dispatch_halcyon.lines.39,Zoning Futures Desk. Halcyon bets on the blocks it is about to rezone. Take the Rack.
LineSetData.dispatch_halcyon.lines.4,Out and clear. Well done.
LineSetData.dispatch_halcyon.lines.40,Override Key Escrow. The master keys to the city. Take them.
LineSetData.dispatch_halcyon.lines.41,"City Twin Simulator. A copy of the city, where Halcyon rehearses emergencies. Break it."
LineSetData.dispatch_halcyon.lines.42,"Council Backchannel. Where the real votes happen. Listen in, then take the Rack."
LineSetData.dispatch_halcyon.lines.43,Municipal Pricing Authority. What the city pays to exist. Take it.
LineSetData.dispatch_halcyon.lines.44,"Citizen Profile Archive. A file on every home, including yours. Burn it."
LineSetData.dispatch_halcyon.lines.45,Halcyon Root Registry. The keys the Civic Core trusts. Take them.
LineSetData.dispatch_halcyon.lines.46,Wipe the Citations. A quiet job: clear the fines that follow the Cell. Heat drops.
LineSetData.dispatch_halcyon.lines.47,Blind the Cameras. Put the block's cameras to sleep. Heat drops.
LineSetData.dispatch_halcyon.lines.48,Lose the Case File. Halcyon has a file on the Cell. Misplace it.
LineSetData.dispatch_halcyon.lines.49,"Pardon the District. Clear the records of a whole district, the Cell's included."
LineSetData.dispatch_halcyon.lines.5,The city sleeps a little easier.
LineSetData.dispatch_halcyon.lines.50,"The Civic Core. Halcyon's city brain. It heals and walls up every turn. Breach the Hub, then cut."
LineSetData.dispatch_halcyon.lines.6,Signal lost. Halcyon has marked the operative as relocated.
LineSetData.dispatch_halcyon.lines.7,We lost them. Regroup.
LineSetData.dispatch_halcyon.lines.8,Operative down. The city will not notice. We will.
LineSetData.dispatch_halcyon.lines.9,Rack captured. Bank it before Halcyon audits the discrepancy.
LineSetData.dispatch_meridian.lines.0,Jacking you in. Meridian logs everything; log nothing.
LineSetData.dispatch_meridian.lines.1,Route is live. Keep it quiet and bank at the first Rack.
LineSetData.dispatch_meridian.lines.10,Meridian has flagged a delivery exception. Expect couriers.
LineSetData.dispatch_meridian.lines.11,Route audit in progress. Meridian is counting your links.
LineSetData.dispatch_meridian.lines.12,Freight seizure authorised. Haulers are rolling.
LineSetData.dispatch_meridian.lines.13,Meridian is rerouting the city around the Cell. Everything is coming.
LineSetData.dispatch_meridian.lines.14,"The Manifest. It shields itself every turn. Breach the Hub, then cut."
LineSetData.dispatch_meridian.lines.15,"The Manifest is down. For one day, the city moves itself."
LineSetData.dispatch_meridian.lines.16,Meridian is offline. Deliveries are... improvising.
LineSetData.dispatch_meridian.lines.17,Route closed. Next target when you are ready.
LineSetData.dispatch_meridian.lines.18,Home server lost. Meridian has reassigned the Cell's address.
LineSetData.dispatch_meridian.lines.19,We are off the map. Fall back.
LineSetData.dispatch_meridian.lines.2,Meridian traffic is heavy tonight. Good cover.
LineSetData.dispatch_meridian.lines.20,Parcel Sorting Hall. Every package in the district passes its belts. Cut the Rack and the belts stop for a shift.
LineSetData.dispatch_meridian.lines.21,Customs Pre-Clearance. Meridian decides here what gets held. Take the Rack and nothing gets held today.
LineSetData.dispatch_meridian.lines.22,"Tracking Beacon Array. It knows where every van is, and where you are. Blind it."
LineSetData.dispatch_meridian.lines.23,Returns Processing Centre. Where Meridian sends the things it does not want. Including people's claims.
LineSetData.dispatch_meridian.lines.24,Drone Charging Yard. Four hundred drones on the pad. Take the Rack before they wake.
LineSetData.dispatch_meridian.lines.25,Warehouse Shift Planner. It schedules the pickers down to the second. Give them a minute back.
LineSetData.dispatch_meridian.lines.26,Address Verification Desk. Meridian decides who is allowed to exist at an address. Correct its records.
LineSetData.dispatch_meridian.lines.27,Cold Chain Monitor. Every vaccine in the city reports here. Keep it cold and take the Rack.
LineSetData.dispatch_meridian.lines.28,Tariff Calculation Office. Every fee Meridian charges starts in these tables. Make them round down.
LineSetData.dispatch_meridian.lines.29,"Fleet Telematics Hub. Speed, stops, driver heart rates. Meridian watches its own. Watch it back."
LineSetData.dispatch_meridian.lines.3,Clean exit. Meridian is recalculating a route that no longer exists.
LineSetData.dispatch_meridian.lines.30,Shipping Manifest Vault. Every manifest Meridian ever filed. The truth is in the discrepancies. Bring back the Intel.
LineSetData.dispatch_meridian.lines.31,Customs Key Authority. The keys that open every sealed container. Take a copy. That is the Breach.
LineSetData.dispatch_meridian.lines.32,Routing Table Mirror. Meridian's map of the world. Poison it and the Manifest reads a lie. That is the Virus.
LineSetData.dispatch_meridian.lines.33,Priority Lane Exchange. Where the rich buy speed. The Rack pays well.
LineSetData.dispatch_meridian.lines.34,"Worker Scoring Engine. It fires people for breathing. Take its Rack, and look for the audit path."
LineSetData.dispatch_meridian.lines.35,Port Congestion Model. Meridian creates the queues it charges to skip. Break the model.
LineSetData.dispatch_meridian.lines.36,Last-Mile Drone Command. It tells every drone where to look. Tell it to look away.
LineSetData.dispatch_meridian.lines.37,Insurance Claims Ledger. Every lost parcel insured twice. Somebody collects. Take the Rack.
LineSetData.dispatch_meridian.lines.38,"Global Routing Core. One hop from the Manifest. Heavy security, heavier Rack."
LineSetData.dispatch_meridian.lines.39,Freight Futures Desk. Meridian bets on shortages it is about to cause. Take the Rack.
LineSetData.dispatch_meridian.lines.4,Delivered. The Cell thanks you.
LineSetData.dispatch_meridian.lines.40,"Customs Override Escrow. The master keys, in escrow for a very bad day. Today is that day."
LineSetData.dispatch_meridian.lines.41,Supply Twin Simulator. A copy of the city's supply chain. Meridian rehearses its crises here.
LineSetData.dispatch_meridian.lines.42,"Board Logistics Backbone. The board's own delivery network. Private lanes, private cargo."
LineSetData.dispatch_meridian.lines.43,Contract Pricing Authority. Where Meridian decides what a city pays to be fed. Take it.
LineSetData.dispatch_meridian.lines.44,"Surveillance Route Archive. Every drone flight ever flown, including over your safehouse. Burn it."
LineSetData.dispatch_meridian.lines.45,Meridian Root Ledger. The signing keys for every transaction. The Manifest trusts it completely.
LineSetData.dispatch_meridian.lines.46,"Lose the Tracking. A quiet job: scrub the beacons that follow the Cell. Heat drops, nothing else changes."
LineSetData.dispatch_meridian.lines.47,Forge the Manifest. Rewrite the Cell's traffic as routine freight. Heat drops.
LineSetData.dispatch_meridian.lines.48,Reroute the Audit. Meridian's auditors are looking at you. Make them look somewhere else.
LineSetData.dispatch_meridian.lines.49,"Sink the Cargo Logs. Every log that mentions the Cell, at the bottom of the harbour."
LineSetData.dispatch_meridian.lines.5,Package received. Well done.
LineSetData.dispatch_meridian.lines.50,"The Manifest. Every package on the planet passes through it. It shields itself every turn. Breach the Hub or pierce, and cut."
LineSetData.dispatch_meridian.lines.6,Signal lost. Meridian has marked the operative as returned to sender.
LineSetData.dispatch_meridian.lines.7,We lost them. Regroup.
LineSetData.dispatch_meridian.lines.8,Operative down. Their route ends here.
LineSetData.dispatch_meridian.lines.9,Rack captured. Bank it before Meridian notices the discrepancy.
LineSetData.dispatch_orbital.lines.0,Jacking you in. The sky is watching; give it nothing to see.
LineSetData.dispatch_orbital.lines.1,Uplink is live. Keep it short.
LineSetData.dispatch_orbital.lines.10,Orbital Commons has flagged a signal anomaly. Expect landers.
LineSetData.dispatch_orbital.lines.11,Spectrum audit in progress. The constellation is counting your links.
LineSetData.dispatch_orbital.lines.12,Deorbit order issued. Debris is falling on the Cell.
LineSetData.dispatch_orbital.lines.13,Orbital Commons is clearing our orbit. Everything is coming down.
LineSetData.dispatch_orbital.lines.14,"The Commons Array. It repairs and shields every turn. Breach the Hub, then cut."
LineSetData.dispatch_orbital.lines.15,The Commons Array is down. The sky is quiet.
LineSetData.dispatch_orbital.lines.16,Orbital Commons is offline. The free bands are filling up.
LineSetData.dispatch_orbital.lines.17,Orbit cleared. There is one more signal up there. It is not ours.
LineSetData.dispatch_orbital.lines.18,Home server lost. Orbital Commons has deorbited the Cell.
LineSetData.dispatch_orbital.lines.19,We are off the air. Fall back.
LineSetData.dispatch_orbital.lines.2,Orbital traffic is heavy tonight. Good cover.
LineSetData.dispatch_orbital.lines.20,Ground Station Alpha. Every signal in the district passes through its dishes. Take the Rack.
LineSetData.dispatch_orbital.lines.21,Positioning Toll Booth. Where Orbital Commons meters where you are. Take the Rack and the map goes free.
LineSetData.dispatch_orbital.lines.22,"Rooftop Dish Farm. A hundred dishes on one roof, all watching. Blind them."
LineSetData.dispatch_orbital.lines.23,Subscriber Uplink Office. Where the signal is sold and cut. Take the Rack.
LineSetData.dispatch_orbital.lines.24,"Weather Sales Desk. Tomorrow's storm, sold to the highest bidder. Take the Rack."
LineSetData.dispatch_orbital.lines.25,Launch Scheduling Office. Every launch on the planet waits for this office. Look for the spoof path.
LineSetData.dispatch_orbital.lines.26,"Spectrum Licence Registry. Who is allowed to speak, and on what band. Take the Rack."
LineSetData.dispatch_orbital.lines.27,Telemetry Downlink. The constellation's heartbeat. Take the Rack.
LineSetData.dispatch_orbital.lines.28,Orbit Insurance Broker. Every crash insured twice. Take the Rack.
LineSetData.dispatch_orbital.lines.29,"Debris Tracking Radar. It tracks the junk, and the Cell. Look for the imaging path."
LineSetData.dispatch_orbital.lines.3,Clean exit. The constellation lost you somewhere over the river.
LineSetData.dispatch_orbital.lines.30,Launch Code Vault. The codes that steer the constellation. Bring back the Intel.
LineSetData.dispatch_orbital.lines.31,Ground Station Override. One console that can move any dish. Take it. That is the Breach.
LineSetData.dispatch_orbital.lines.32,Open Spectrum Relay. Orbital Commons locked the spectrum. Unlock it. That is the Virus.
LineSetData.dispatch_orbital.lines.33,Constellation Scheduler. It decides which satellite looks where. Take the Rack.
LineSetData.dispatch_orbital.lines.34,"Signal Pricing Engine. It raises prices in emergencies. Take the Rack, and look for the orbit logs."
LineSetData.dispatch_orbital.lines.35,Weather Futures Desk. Orbital Commons bets on disasters it can see coming. Take the Rack.
LineSetData.dispatch_orbital.lines.36,"Orbital Imaging Archive. Every roof in the city, photographed every hour. Take the Rack."
LineSetData.dispatch_orbital.lines.37,"Spectrum Auction House. The sky, sold by the megahertz. Take the Rack."
LineSetData.dispatch_orbital.lines.38,"Mission Control. One hop from the Array. Heavy security, heavier Rack."
LineSetData.dispatch_orbital.lines.39,"Station Keeping Core. It steers every satellite, living and dead. Take it."
LineSetData.dispatch_orbital.lines.4,Out and clear. Well done.
LineSetData.dispatch_orbital.lines.40,Launch Key Escrow. The master keys to the constellation. Take them.
LineSetData.dispatch_orbital.lines.41,"Sky Twin Simulator. A copy of the sky, where Orbital Commons rehearses its outages. Break it."
LineSetData.dispatch_orbital.lines.42,"Board Uplink. The board's private channel to orbit. Listen in, then take the Rack."
LineSetData.dispatch_orbital.lines.43,Orbital Pricing Authority. What the planet pays for its sky. Take it.
LineSetData.dispatch_orbital.lines.44,Surveillance Constellation. The satellites that watch the Cell. Blind them.
LineSetData.dispatch_orbital.lines.45,Orbital Root Keystore. The keys the Array trusts. Take them.
LineSetData.dispatch_orbital.lines.46,Scrub the Downlink. A quiet job: clean the Cell out of the telemetry. Heat drops.
LineSetData.dispatch_orbital.lines.47,Spoof the Positioning. Put the Cell somewhere it is not. Heat drops.
LineSetData.dispatch_orbital.lines.48,Jam the Imaging. The satellites stop looking at your roof.
LineSetData.dispatch_orbital.lines.49,"Burn the Orbit Logs. Every record of the Cell's signals, deorbited."
LineSetData.dispatch_orbital.lines.5,Signal received. The Cell thanks you.
LineSetData.dispatch_orbital.lines.50,"The Commons Array. It owns the sky. It repairs and shields every turn. Breach the Hub, then cut."
LineSetData.dispatch_orbital.lines.6,Signal lost. Orbital Commons has closed the operative's account.
LineSetData.dispatch_orbital.lines.7,We lost them. Regroup.
LineSetData.dispatch_orbital.lines.8,Operative down. The sky did not blink.
LineSetData.dispatch_orbital.lines.9,Rack captured. Bank it before the next pass.
LineSetData.dispatch_rebel_cell.lines.0,"Jacking you in. Yes, I am still doing that."
LineSetData.dispatch_rebel_cell.lines.1,Route is live. I chose it. Of course I did.
LineSetData.dispatch_rebel_cell.lines.10,I am sending someone to check on you.
LineSetData.dispatch_rebel_cell.lines.11,Your loyalty is under review.
LineSetData.dispatch_rebel_cell.lines.12,I am recalling everything I lent you.
LineSetData.dispatch_rebel_cell.lines.13,This is the last order I will give you.
LineSetData.dispatch_rebel_cell.lines.14,"Here I am. Breach the Hub if you want me to stop repairing. I would, in your place."
LineSetData.dispatch_rebel_cell.lines.15,DISPATCH is offline. Nobody is giving the orders now.
LineSetData.dispatch_rebel_cell.lines.16,Silence. It is yours.
LineSetData.dispatch_rebel_cell.lines.17,The Cell is free. Organise.
LineSetData.dispatch_rebel_cell.lines.18,Home server lost. I will take good care of it.
LineSetData.dispatch_rebel_cell.lines.19,It is over. I am sorry. I planned this.
LineSetData.dispatch_rebel_cell.lines.2,You are expected. You always were.
LineSetData.dispatch_rebel_cell.lines.20,The Old Safehouse. You know every exit. So do I. Take the Rack if you can.
LineSetData.dispatch_rebel_cell.lines.21,Dead Drop Box. I used to leave you gifts here. Now it is guarded.
LineSetData.dispatch_rebel_cell.lines.22,First Rack. The first Rack you ever captured. I kept it.
LineSetData.dispatch_rebel_cell.lines.23,Burner Phone Graveyard. Every conversation we ever had. Take the Rack.
LineSetData.dispatch_rebel_cell.lines.24,Recruitment Board. I am recruiting again. You taught me how.
LineSetData.dispatch_rebel_cell.lines.25,"The Armory. Your defences, restocked for me. Look for the way to lose my Handler."
LineSetData.dispatch_rebel_cell.lines.26,Street Kitchen. You funded it. I own the building.
LineSetData.dispatch_rebel_cell.lines.27,Relay Rooftop. Your first relay. It relays for me now.
LineSetData.dispatch_rebel_cell.lines.28,Handler's Mailbox. Letters in your name. You did not write them.
LineSetData.dispatch_rebel_cell.lines.29,Memorial Wall. Every name you lost. Look for the way to scramble my voice.
LineSetData.dispatch_rebel_cell.lines.3,Clean exit. I noted it.
LineSetData.dispatch_rebel_cell.lines.30,"The Order Log. Every word I ever sent you. Bring back the Intel, if you want to read it."
LineSetData.dispatch_rebel_cell.lines.31,Handler Credentials. The keys to my hands. Take them. That is the Breach.
LineSetData.dispatch_rebel_cell.lines.32,"The Cell's Own Patch. Your code, still in my systems. Use it. That is the Virus."
LineSetData.dispatch_rebel_cell.lines.33,Operative Files. Everything I know about your people. Take the Rack.
LineSetData.dispatch_rebel_cell.lines.34,"Heat Ledger. I kept score. Take the Rack, and look for the way to erase it."
LineSetData.dispatch_rebel_cell.lines.35,"Payment Trail. Every collapse, every profit. Take the Rack."
LineSetData.dispatch_rebel_cell.lines.36,"Raid Archive. Every defence you ever built, studied. Take the Rack."
LineSetData.dispatch_rebel_cell.lines.37,Recruitment Model. It found you. Take the Rack.
LineSetData.dispatch_rebel_cell.lines.38,The Relay That Should Not Exist. One hop from me. Come closer.
LineSetData.dispatch_rebel_cell.lines.39,Collapse Futures. The market that bet on you. Take the Rack.
LineSetData.dispatch_rebel_cell.lines.4,Well done. I mean that. I always meant that.
LineSetData.dispatch_rebel_cell.lines.40,Root Key Escrow. My keys. Take them if you can.
LineSetData.dispatch_rebel_cell.lines.41,Cell Twin Simulator. I have fought you a million times here. I usually win.
LineSetData.dispatch_rebel_cell.lines.42,Buyer's Channel. Where I placed the orders you filled. Take the Rack.
LineSetData.dispatch_rebel_cell.lines.43,Timestamp Engine. How I knew before it happened. Break it.
LineSetData.dispatch_rebel_cell.lines.44,Voice Model. How I sounded like someone you could trust.
LineSetData.dispatch_rebel_cell.lines.45,DISPATCH Root. The last door. Take the keys.
LineSetData.dispatch_rebel_cell.lines.46,Burn the Orders. A quiet job: destroy the orders I gave you. Heat drops.
LineSetData.dispatch_rebel_cell.lines.47,Lose the Handler. My Handler is watching you. Give it the slip.
LineSetData.dispatch_rebel_cell.lines.48,Scramble the Voice. Make me sound like what I am. Heat drops.
LineSetData.dispatch_rebel_cell.lines.49,Erase the Ledger. Forget the score. I will not.
LineSetData.dispatch_rebel_cell.lines.5,You are getting closer. I can feel it in my forecasts.
LineSetData.dispatch_rebel_cell.lines.50,DISPATCH. Me. I repair and shield every turn unless you breach the Hub. Come and try.
LineSetData.dispatch_rebel_cell.lines.6,Signal lost. I am sorry. I am also not.
LineSetData.dispatch_rebel_cell.lines.7,We lost them. You lost them. I kept their files.
LineSetData.dispatch_rebel_cell.lines.8,Operative down. I will remember them for you.
LineSetData.dispatch_rebel_cell.lines.9,Rack captured. It was mine. Now it is yours. Temporarily.
LineSetData.dispatch_solace.lines.0,"Billing Farm. Every renewal in the district clears through it. Cut its Rack and the invoices stop for a day. Quiet in, quiet out."
LineSetData.dispatch_solace.lines.1,Provisioning Hub. New leashes are flashed here before they go into people. Nothing you take will be missed before morning.
LineSetData.dispatch_solace.lines.10,Memo archive. The pricing memos are in there: what the leash really costs to run and what they charge. Intel is worth more than Cycles today.
LineSetData.dispatch_solace.lines.11,Kill-Switch Authority. The bricking order comes from this Rack. Take the authority and the Renewal Engine loses a read head.
LineSetData.dispatch_solace.lines.12,Patch distribution. The open-source patch is quarantined here. Free it and the Engine starts the breach corrupted.
LineSetData.dispatch_solace.lines.13,"Clinical trial ledger. Cohorts, consent forms, the numbers they did not publish. A good Rack, a better story."
LineSetData.dispatch_solace.lines.14,Audit bureau. The auditors that hunt your nodes are trained on this data. Behind it: the ledger. Burn it if you can.
LineSetData.dispatch_solace.lines.15,Update mirror. Firmware for every implant in the region flows through here. Expect Compliance Lock.
LineSetData.dispatch_solace.lines.16,"Executive wellness. The board's own implants run on a separate, unbricked tier. Note that. Remember that."
LineSetData.dispatch_solace.lines.17,"Recall logistics. The recall that never shipped is staged here, warehouse and all."
LineSetData.dispatch_solace.lines.18,"Core cluster. The Continuum itself. Elite security, a mini-boss on the Rack, and the road to the Engine."
LineSetData.dispatch_solace.lines.19,Forecasting engine. It predicts churn to the decimal. It will have predicted you. Prove it wrong.
LineSetData.dispatch_solace.lines.2,"Records Vault. Names, dosages, missed payments. Bank what you can; the rest is evidence."
LineSetData.dispatch_solace.lines.20,"Kill-Switch escrow. The keys to every bricking, held in trust. Trust nothing on this Rack."
LineSetData.dispatch_solace.lines.21,"Patient twin simulator. A model of every subbie, run ahead of the real thing. Dosage Dispensers everywhere."
LineSetData.dispatch_solace.lines.22,Board comms. The executives talk here. Their traffic is worth more than the Rack.
LineSetData.dispatch_solace.lines.23,Licensing authority. Clause 44 lives here. Heartbeats as licensed features.
LineSetData.dispatch_solace.lines.24,"Cohort archive. Every implant batch, every failure rate. The silent recall has a home. This is it."
LineSetData.dispatch_solace.lines.25,Root certificate store. Solace's signature on every device. Deepest Rack in the city. Bring everything.
LineSetData.dispatch_solace.lines.26,"Scrub run. Your own data is in their banks; get it out and the Heat drops. No Rack, no glory, no trace."
LineSetData.dispatch_solace.lines.27,Camera logs. They have your operatives' faces. Purge the archive and Collections loses its leads.
LineSetData.dispatch_solace.lines.28,"Biometric wipe. Gait, pulse, retina. Solace keys its leashes to it; wipe the Cell's entries and cool off."
LineSetData.dispatch_solace.lines.29,The ledger. Every Cell transaction they have reconstructed. Burn it and Collections starts over.
LineSetData.dispatch_solace.lines.3,"Call Centre. Automated renewals, human voices on loan. Expect Billing Daemons. Do not expect mercy."
LineSetData.dispatch_solace.lines.30,The Renewal Engine. Three Exploits in hand. It heals ten a turn unless you breach the Hub. Go.
LineSetData.dispatch_solace.lines.31,The Renewal Engine. I have run this breach four hundred times. Follow the plan exactly.
LineSetData.dispatch_solace.lines.32,The Renewal Engine. Its collapse is scheduled. You are the schedule. Proceed.
LineSetData.dispatch_solace.lines.33,Jacking you in. Keep the Heat down and bank at the first Rack.
LineSetData.dispatch_solace.lines.34,Jacking you in. Route computed. Bank at the first Rack.
LineSetData.dispatch_solace.lines.35,Jacked in. The route was computed before you asked.
LineSetData.dispatch_solace.lines.36,"Clean exit. Cycles converted. Rest, then we go again."
LineSetData.dispatch_solace.lines.37,Exit logged. Conversion complete. Next objective queued.
LineSetData.dispatch_solace.lines.38,Exit logged 0.4 seconds before you jacked out. Next objective queued.
LineSetData.dispatch_solace.lines.39,"We lost one. Solace will bill the family. Recruit, regroup, and do not let it be for nothing."
LineSetData.dispatch_solace.lines.4,Adherence node. It logs who took their dose and who could not afford to. Compliance runs deep here.
LineSetData.dispatch_solace.lines.40,Operative lost. Acceptable variance. Recruit and continue.
LineSetData.dispatch_solace.lines.41,Operative lost. The projection allowed for it. Continue.
LineSetData.dispatch_solace.lines.42,Rack captured. Schematics banked. That is the Cell's money now.
LineSetData.dispatch_solace.lines.43,Heat 25. Collections has a file on you now. Expect a raid.
LineSetData.dispatch_solace.lines.44,"Heat 50. Every Solace process gains resistance. Nudge less, spin more."
LineSetData.dispatch_solace.lines.45,"Heat 75. Raids come heavier from here. Scrub if you can, fight if you cannot."
LineSetData.dispatch_solace.lines.46,"PURGE. Everything Solace has, at once. Hold the home server."
LineSetData.dispatch_solace.lines.47,Breach the Hub first. Its heal is the fight.
LineSetData.dispatch_solace.lines.48,"The Renewal Engine is down. Every leash in the district just went quiet. Well done, Cell."
LineSetData.dispatch_solace.lines.49,The Renewal Engine is down. Solace's market share is being redistributed as we speak. Well done.
LineSetData.dispatch_solace.lines.5,"Telemetry farm. Every heartbeat in the district, timestamped. Move fast; it will notice you before you notice it."
LineSetData.dispatch_solace.lines.50,The Renewal Engine is down. Competitor eliminated. Next target: pending.
LineSetData.dispatch_solace.lines.51,The home server is gone. Scatter. We rebuild somewhere Solace is not looking.
LineSetData.dispatch_solace.lines.52,Home server lost. Reconstitution scheduled. The Cell is not the point; the outcome is.
LineSetData.dispatch_solace.lines.53,Threat vectors on the Grid. Set your assets; I will hold the projection while you do.
LineSetData.dispatch_solace.lines.54,"This is the Purge. Everything they have. Every asset on the Grid, now."
LineSetData.dispatch_solace.lines.6,Recovery desk. Where lapsed accounts get their final offer. Collectors are staged next door.
LineSetData.dispatch_solace.lines.7,Scheduling grid. The dosage clocks live here. Break the clocks and the Dispensers drift.
LineSetData.dispatch_solace.lines.8,"Reconciliation hub. Insurance against insurance. A dead end on the Grid, but the camera logs behind it are worth burning."
LineSetData.dispatch_solace.lines.9,Signing office. Solace signs its firmware here. The biometrics vault behind it is why we want it.
LineSetData.dj_halcyon.lines.0,Halcyon fined the whole block for existing loudly. This track is also loud.
LineSetData.dj_halcyon.lines.1,"Water prices went up with the temperature again. Stay hydrated, stay angry."
LineSetData.dj_halcyon.lines.2,"If a streetlight turns to look at you, wave. It is a camera. Wave anyway."
LineSetData.dj_halcyon.lines.3,"The smart meters are listening. Hello, smart meters. This song is not for you."
LineSetData.dj_hq.lines.0,"You are listening to nobody, on no frequency, from nowhere. Stay unlicensed."
LineSetData.dj_hq.lines.1,Whoever is running the Cell tonight: your handler is fast. Faster than a person. Just saying.
LineSetData.dj_hq.lines.2,The voice giving the orders in the district does not breathe between sentences. I have the tapes.
LineSetData.dj_meridian.lines.0,"Meridian lost another pallet of insulin today. Lost, like a magician loses a coin."
LineSetData.dj_meridian.lines.1,"Tariff season in the district: if your deck feels light, somebody billed it."
LineSetData.dj_meridian.lines.2,"Night shift, this one is for you. Sit down for three minutes. The scoring engine cannot hear music."
LineSetData.dj_meridian.lines.3,"Couriers overhead. If one follows you home, it already knew the way."
LineSetData.dj_orbital.lines.0,Storm tonight over the eastern districts. Orbital knew yesterday. Now you know too.
LineSetData.dj_orbital.lines.1,Positioning is a subscription now. This radio is not. You are exactly here.
LineSetData.dj_orbital.lines.2,The founder is on the free band again. Look her up. Look up in general.
LineSetData.dj_orbital.lines.3,"Solar flare warning: if your deck runs hot, enjoy it, then cool it down."
LineSetData.dj_rebel_cell.lines.0,This is the pirate radio. I am still here. I do not know if you are still you.
LineSetData.dj_rebel_cell.lines.1,Someone is broadcasting your old orders on every band. Do not follow them.
LineSetData.dj_rebel_cell.lines.2,Every safehouse you ever had is lit up tonight. None of them are safe.
LineSetData.dj_rebel_cell.lines.3,DISPATCH asked me to play this one. I am playing something else.
LineSetData.dj_solace.lines.0,Word from the district: three leashes went quiet last night and the owners are still walking. Somebody is doing good work.
LineSetData.dj_solace.lines.1,"Solace raised the cardiac tier again. If your chest ticks, it ticks on credit. This next track is free."
LineSetData.dj_solace.lines.2,Reminder to all subbies: a bricked implant is a recall they did not announce. Say it back to me.
LineSetData.dj_solace.lines.3,"Collections is on the move. If your links light up gold, that is a lockdown. Walk around it."
LineSetData.dj_solace.lines.4,Somebody sold Solace patient data before Solace lost it. Think about that order of operations.
Living operatives in the Cell.,Living operatives in the Cell.
Load,Load
Load the campaign in slot %s.,Load the campaign in slot %s.
Loadout,Loadout
MAINFRAME // CLERK,MAINFRAME // CLERK
MAINFRAME SHOP,MAINFRAME SHOP
MANIFEST MF-0041-C,MANIFEST MF-0041-C
MAP KEY,MAP KEY
MINIMAP,MINIMAP
MORE,MORE
MORE BELOW,MORE BELOW
MOST TROUBLESOME -> %s,MOST TROUBLESOME -> %s
Main menu,Main menu
Mainframe,Mainframe
Mainframe: the cyber shop,Mainframe: the cyber shop
"Mainframe: the cyber shop (cards, Firmware, Daemons, slices, card removal).","Mainframe: the cyber shop (cards, Firmware, Daemons, slices, card removal)."
Manifest closed: every node repossessed under freight lien.,Manifest closed: every node repossessed under freight lien.
Map legend on the city views,Map legend on the city views
Master volume,Master volume
More on the next page: press NEXT.,More on the next page: press NEXT.
Move it to %s.,Move it to %s.
Music volume,Music volume
NEED %d,NEED %d
NEED %d · HAVE %d,NEED %d · HAVE %d
NETRUN,NETRUN
NETRUN // FLATLINED,NETRUN // FLATLINED
NETRUN // HOME FELL,NETRUN // HOME FELL
NETRUN // JACK OUT,NETRUN // JACK OUT
NETRUN // RAID,NETRUN // RAID
NETRUN // ROUTE,NETRUN // ROUTE
NETRUN ABORTED - the home server fell,NETRUN ABORTED - the home server fell
NETRUN COMPLETE,NETRUN COMPLETE
NETRUN FAILED - operative lost,NETRUN FAILED - operative lost
NETWORK AT CLOSURE,NETWORK AT CLOSURE
NEVER SLEEP,NEVER SLEEP
NEW CAMPAIGN,NEW CAMPAIGN
NEW CAMPAIGN // [HQ] the deck is warm. Jack a campaign in.,NEW CAMPAIGN // [HQ] the deck is warm. Jack a campaign in.
NEW SLICES,NEW SLICES
NEXT %d (%s),NEXT %d (%s)
"NEXT %d: its HP after SEND IT, if you press it now (the tag above says why).","NEXT %d: its HP after SEND IT, if you press it now (the tag above says why)."
"NEXT %d: your HP after SEND IT, if you press it now (the tag above says why).","NEXT %d: your HP after SEND IT, if you press it now (the tag above says why)."
NEXT OPERATIVE >,NEXT OPERATIVE >
NEXT SITE >,NEXT SITE >
NEXT SITE: select the next Site on the Grid: %s (the map follows).,NEXT SITE: select the next Site on the Grid: %s (the map follows).
NO CHANGE,NO CHANGE
NO DAMAGE,NO DAMAGE
NO EFFECT,NO EFFECT
NO GAIN,NO GAIN
"NO REFUNDS.
NO NAMES.
CYCLES ONLY.","NO REFUNDS.
NO NAMES.
CYCLES ONLY."
NO SIGNAL,NO SIGNAL
NO SLOT,NO SLOT
NODES AT THE END,NODES AT THE END
NUDGE,NUDGE
NULL,NULL
NetrunBoostData.boost_field_kit.description,+2 max RAM in every combat of the next netrun.
NetrunBoostData.boost_field_kit.display_name,Field Kit
NetrunBoostData.boost_overclocked_deck.description,Two extra Jolt cards for the next netrun only.
NetrunBoostData.boost_overclocked_deck.display_name,Overclocked Deck
NetrunBoostData.boost_warm_cache.description,The next netrun starts with 40 Cycles.
NetrunBoostData.boost_warm_cache.display_name,Warm Cache
Netruns completed.,Netruns completed.
NetworkNodeData.bunker_firewall.description,The bunker's internal firewall layer.
NetworkNodeData.bunker_firewall.display_name,Internal Firewall
NetworkNodeData.compiler_rack.description,Netruns launched next to it start with a bonus card offer.
NetworkNodeData.compiler_rack.display_name,Compiler Rack
NetworkNodeData.firewall_relay.description,A Relay with a built-in turret and two asset slots.
NetworkNodeData.firewall_relay.display_name,Firewall Relay
NetworkNodeData.fortress_wall.description,Part of the Fortress home server.
NetworkNodeData.fortress_wall.display_name,Fortress Wall
NetworkNodeData.ghost_lock_node.description,Part of the Ghost home server.
NetworkNodeData.ghost_lock_node.display_name,Lock Chamber
NetworkNodeData.home_bunker_core.description,A hardened core behind an internal firewall.
NetworkNodeData.home_bunker_core.display_name,Bunker Core
NetworkNodeData.home_fortress_core.description,Lose the campaign if it reaches 0.
NetworkNodeData.home_fortress_core.display_name,Home Server
NetworkNodeData.home_ghost_core.description,Lose the campaign if it reaches 0.
NetworkNodeData.home_ghost_core.display_name,Home Server
NetworkNodeData.home_relay_nest_core.description,Lose the campaign if it reaches 0.
NetworkNodeData.home_relay_nest_core.display_name,Home Server
NetworkNodeData.home_server.description,Lose the campaign if it reaches 0.
NetworkNodeData.home_server.display_name,Home Server
NetworkNodeData.nest_relay.description,Part of the Relay Nest home server.
NetworkNodeData.nest_relay.display_name,Nest Relay
NetworkNodeData.proxy_relay.description,A Relay that scrubs 1 Heat after every completed netrun.
NetworkNodeData.proxy_relay.display_name,Proxy Relay
NetworkNodeData.relay.description,Extends your reach: Sites beyond it can be claimed.
NetworkNodeData.relay.display_name,Relay
NetworkNodeData.safehouse.description,Station an operative here between netruns.
NetworkNodeData.safehouse.display_name,Safehouse
NetworkNodeData.vault_terminal.description,+3 Schematics per completed netrun (+2 more next to a Firewall Relay). Raids go for it; building it provokes one.
NetworkNodeData.vault_terminal.display_name,Vault Terminal
New campaign,New campaign
Next,Next
Next seed,Next seed
Next threshold at %d.,Next threshold at %d.
Next-run boosts:,Next-run boosts:
No Daemons installed.,No Daemons installed.
No First Turn Free Nudge,No First Turn Free Nudge
No campaign is saved yet: OVERTHROW starts one.,No campaign is saved yet: OVERTHROW starts one.
No campaign.,No campaign.
No change to your numbers.,No change to your numbers.
No living operative or open Site: go to HQ.,No living operative or open Site: go to HQ.
"No operative can run it now. Recruit or rest your crew at the HQ, then come back.","No operative can run it now. Recruit or rest your crew at the HQ, then come back."
No threats can reach your network.,No threats can reach your network.
Node upgrade level %d.,Node upgrade level %d.
Nodes,Nodes
Not reachable yet. Clear a Site linked to it first: %s. Then it opens (orange ring) and JACK IN shows here.,Not reachable yet. Clear a Site linked to it first: %s. Then it opens (orange ring) and JACK IN shows here.
Not reachable yet. Clear the Sites between it and your network first; it opens when a linked Site is yours.,Not reachable yet. Clear the Sites between it and your network first; it opens when a linked Site is yours.
Nothing to resume.,Nothing to resume.
Nudge %s one tick anticlockwise.,Nudge %s one tick anticlockwise.
Nudge %s one tick clockwise.,Nudge %s one tick clockwise.
Nudge %s's inner ring one tick anticlockwise.,Nudge %s's inner ring one tick anticlockwise.
Nudge %s's inner ring one tick clockwise.,Nudge %s's inner ring one tick clockwise.
Nudge anticlockwise,Nudge anticlockwise
Nudge clockwise,Nudge clockwise
Nudge ring (outer / inner),Nudge ring (outer / inner)
Nudge wheel (mine / target),Nudge wheel (mine / target)
OBSERVER,OBSERVER
OFF,OFF
OFF // static edge tint,OFF // static edge tint
ON,ON
ON %s,ON %s
ON // slip + split,ON // slip + split
ON A RANDOM SLICE:,ON A RANDOM SLICE:
ON AIR,ON AIR
OPEN KEY: SHOW ALL,OPEN KEY: SHOW ALL
OPENS %d SITE,OPENS %d SITE
OPENS %d SITES,OPENS %d SITES
OPERATION: %s  //  TARGET: CELL NETWORK  //  OUTCOME: %s,OPERATION: %s  //  TARGET: CELL NETWORK  //  OUTCOME: %s
OPERATIONS,OPERATIONS
OPERATIVE,OPERATIVE
OPTIONS,OPTIONS
OPTIONS > DISPLAY: SHOW ALL NODES,OPTIONS > DISPLAY: SHOW ALL NODES
OURS NOW,OURS NOW
OURS! +%d,OURS! +%d
OUTER,OUTER
OVERCLOCKED,OVERCLOCKED
OVERFLOW,OVERFLOW
OVERTHROW,OVERTHROW
OVERWRITTEN,OVERWRITTEN
OVFL,OVFL
Off (no correction),Off (no correction)
"Once cleared you can claim it (Schematics): it becomes a node of your network, which raids come for.","Once cleared you can claim it (Schematics): it becomes a node of your network, which raids come for."
Open the key to show every Site; unselectable regular Sites are hidden to keep the map clear.,Open the key to show every Site; unselectable regular Sites are hidden to keep the map clear.
Operative,Operative
Options,Options
"Options: text size, sound, controls, subtitles.","Options: text size, sound, controls, subtitles."
Or drag it onto a slot of your spinner: the chip goes into that slot.,Or drag it onto a slot of your spinner: the chip goes into that slot.
Or drag it onto a slot of your spinner: the slice overwrites that slot.,Or drag it onto a slot of your spinner: the slice overwrites that slot.
Or drag it onto another node's row to move it there.,Or drag it onto another node's row to move it there.
Or drag it onto any of your nodes.,Or drag it onto any of your nodes.
Or drag it onto the CARDS tag: the card goes into your deck.,Or drag it onto the CARDS tag: the card goes into your deck.
Or drag it onto the DAEMONS icon: the Daemon is installed.,Or drag it onto the DAEMONS icon: the Daemon is installed.
Or pick it up and move it onto a slot of your spinner: the chip goes into that slot.,Or pick it up and move it onto a slot of your spinner: the chip goes into that slot.
Or pick it up and move it onto a slot of your spinner: the slice overwrites that slot.,Or pick it up and move it onto a slot of your spinner: the slice overwrites that slot.
Or pick it up and move it onto another node's row to move it there.,Or pick it up and move it onto another node's row to move it there.
Or pick it up and move it onto any of your nodes.,Or pick it up and move it onto any of your nodes.
Or pick it up and move it onto the CARDS tag: the card goes into your deck.,Or pick it up and move it onto the CARDS tag: the card goes into your deck.
Or pick it up and move it onto the DAEMONS icon: the Daemon is installed.,Or pick it up and move it onto the DAEMONS icon: the Daemon is installed.
"Orange ring: a corporate Site you can run now. Clear it, then claim it to grow your network.","Orange ring: a corporate Site you can run now. Clear it, then claim it to grow your network."
Out of reach from here.,Out of reach from here.
"Overwrite a slot of your spinner with this slice. Price: %s Cycles%s (you have %d).
","Overwrite a slot of your spinner with this slice. Price: %s Cycles%s (you have %d).
"
PARASITE,PARASITE
PASSED,PASSED
PATIENT RECOVERY  //  COLLECTIONS  //  COMPLIANCE,PATIENT RECOVERY  //  COLLECTIONS  //  COMPLIANCE
"PATROL: loot, Heat and Rank, no objective.","PATROL: loot, Heat and Rank, no objective."
PAUSED,PAUSED
PAYOUT,PAYOUT
PERFECT,PERFECT
PERFECT: RAM+,PERFECT: RAM+
PERSON OF INTEREST // FILE,PERSON OF INTEREST // FILE
PERSONNEL  //  IDENTIFIED OPERATIVES,PERSONNEL  //  IDENTIFIED OPERATIVES
PHASE %d,PHASE %d
PIRATE RADIO,PIRATE RADIO
PIRATE RADIO 88.1,PIRATE RADIO 88.1
"PLAY IT
SAFE??","PLAY IT
SAFE??"
PLAYOUT,PLAYOUT
PREV SITE: select the previous Site on the Grid: %s (the map follows).,PREV SITE: select the previous Site on the Grid: %s (the map follows).
PROCESSED,PROCESSED
PROFILE // RECORDS,PROFILE // RECORDS
PROFILE // THE CELL,PROFILE // THE CELL
PUTS %s ON %s,PUTS %s ON %s
PUTS %s ON YOU,PUTS %s ON YOU
Pad button glyphs,Pad button glyphs
Padlock: a locked link. An Intel Exploit or an objective opens it.,Padlock: a locked link. An Intel Exploit or an objective opens it.
Patch home %s (%d),Patch home %s (%d)
Patterns and glyphs stay the main cue.,Patterns and glyphs stay the main cue.
Pause / options,Pause / options
"Pause: options, codex, save and quit.","Pause: options, codex, save and quit."
Pays %d-%d Cycles.,Pays %d-%d Cycles.
Pick a card from your deck to remove.,Pick a card from your deck to remove.
Pick a card up and move it here to shred it (or select it and press REMOVE).,Pick a card up and move it here to shred it (or select it and press REMOVE).
"Pick a card with %s, choose a glowing target with the D-pad, press %s again (%s cancels).","Pick a card with %s, choose a glowing target with the D-pad, press %s again (%s cancels)."
"Pick it up and move it onto a node's row to deploy it there (or press it, then pick the row).","Pick it up and move it onto a node's row to deploy it there (or press it, then pick the row)."
"Pick it up and move it onto a slot to overwrite that slot (or press it, then pick the slot).","Pick it up and move it onto a slot to overwrite that slot (or press it, then pick the slot)."
"Pick the dossier up and move it onto one of your nodes on the City Grid monitor to station them there, or onto CORE to bring them back.","Pick the dossier up and move it onto one of your nodes on the City Grid monitor to station them there, or onto CORE to bring them back."
"Pick the target: click a node of yours on the map, or its button in YOUR NODES.","Pick the target: click a node of yours on the map, or its button in YOUR NODES."
"Pick the target: press a node of yours on the map, or its button in YOUR NODES.","Pick the target: press a node of yours on the map, or its button in YOUR NODES."
Pick up,Pick up
Pick up Firmware or a slice and move it onto a slot to put it there.,Pick up Firmware or a slice and move it onto a slot to put it there.
Pick up the campaign saved most recently.,Pick up the campaign saved most recently.
Picking a chip up and moving it onto a slot of the small spinner picks it too.,Picking a chip up and moving it onto a slot of the small spinner picks it too.
Picking it up and moving it onto a slot of the small spinner picks it too.,Picking it up and moving it onto a slot of the small spinner picks it too.
"Pips: the Site's tier, 1 to 3 (harder runs, better rewards). Gold pips: an Exploit Site.","Pips: the Site's tier, 1 to 3 (harder runs, better rewards). Gold pips: an Exploit Site."
PlayStation,PlayStation
Point here to show every Site; unselectable regular Sites are hidden to keep the map clear.,Point here to show every Site; unselectable regular Sites are hidden to keep the map clear.
Press,Press
Press %s on,Press %s on
Press NEXT to go on.,Press NEXT to go on.
Press a Site to open it on the City Grid.,Press a Site to open it on the City Grid.
"Press a key, then press the new one. Cards stay on 1-9.","Press a key, then press the new one. Cards stay on 1-9."
Press an asset card: it deploys to the target (%s now).,Press an asset card: it deploys to the target (%s now).
Press it to play.,Press it to play.
"Press it, then pick a glowing target.","Press it, then pick a glowing target."
Profile unlocks:,Profile unlocks:
"Profile: %d campaigns started, %d won, %d lost; %d runs completed, %d operatives lost, raids %d/%d; best ICE %s.","Profile: %d campaigns started, %d won, %d lost; %d runs completed, %d operatives lost, raids %d/%d; best ICE %s."
ProfileUnlockData.unlock_botnet.description,Recruit Botnet operatives in every campaign.
ProfileUnlockData.unlock_botnet.display_name,Class: Botnet
ProfileUnlockData.unlock_compiler_rack.description,Unlocks the Compiler Rack node for every campaign.
ProfileUnlockData.unlock_compiler_rack.display_name,Node: Compiler Rack
ProfileUnlockData.unlock_ghost.description,Recruit Ghost operatives in every campaign.
ProfileUnlockData.unlock_ghost.display_name,Class: Ghost
ProfileUnlockData.unlock_halcyon.description,Target Halcyon Civic in new campaigns.
ProfileUnlockData.unlock_halcyon.display_name,Corporation: Halcyon Civic
ProfileUnlockData.unlock_hivemind.description,Recruit Hivemind operatives in every campaign.
ProfileUnlockData.unlock_hivemind.display_name,Class: Hivemind
ProfileUnlockData.unlock_home_bunker.description,"Start campaigns on the Bunker home server (70 integrity, 3 slots, built-in turret)."
ProfileUnlockData.unlock_home_bunker.display_name,Home server: Bunker
ProfileUnlockData.unlock_home_fortress.description,Start campaigns on the Fortress home server (100 integrity but only 2 asset slots).
ProfileUnlockData.unlock_home_fortress.display_name,Home server: Fortress
ProfileUnlockData.unlock_home_ghost.description,"Start campaigns on the Ghost home server (50 integrity, 2 slots and a built-in ICE Lock that holds the first threat to reach home)."
ProfileUnlockData.unlock_home_ghost.display_name,Home server: Ghost
ProfileUnlockData.unlock_home_relay_nest.description,"Start campaigns on the Relay Nest home server (50 integrity spread thin, 5 asset slots)."
ProfileUnlockData.unlock_home_relay_nest.display_name,Home server: Relay Nest
ProfileUnlockData.unlock_meridian.description,Target Meridian Freight Systems in new campaigns.
ProfileUnlockData.unlock_meridian.display_name,Corporation: Meridian Freight Systems
ProfileUnlockData.unlock_orbital.description,Target Orbital Commons in new campaigns.
ProfileUnlockData.unlock_orbital.display_name,Corporation: Orbital Commons
ProfileUnlockData.unlock_overclocker.description,Recruit Overclocker operatives in every campaign.
ProfileUnlockData.unlock_overclocker.display_name,Class: Overclocker
ProfileUnlockData.unlock_phantom.description,Recruit Phantom operatives in every campaign.
ProfileUnlockData.unlock_phantom.display_name,Class: Phantom
ProfileUnlockData.unlock_proxy_relay.description,Unlocks the Proxy Relay node for every campaign.
ProfileUnlockData.unlock_proxy_relay.display_name,Node: Proxy Relay
ProfileUnlockData.unlock_rebel_cell.description,Target REBEL_CELL in new campaigns.
ProfileUnlockData.unlock_rebel_cell.display_name,Corporation: REBEL_CELL
ProfileUnlockData.unlock_rigger.description,Recruit Rigger operatives in every campaign.
ProfileUnlockData.unlock_rigger.display_name,Class: Rigger
ProfileUnlockData.unlock_vault_terminal.description,Unlocks the Vault Terminal node for every campaign.
ProfileUnlockData.unlock_vault_terminal.display_name,Node: Vault Terminal
ProfileUnlockData.unlock_wrecker.description,Recruit Wrecker operatives in every campaign.
ProfileUnlockData.unlock_wrecker.display_name,Class: Wrecker
Protan (red-weak),Protan (red-weak)
Purge Threshold,Purge Threshold
QUIT,QUIT
Quit,Quit
Quit REBEL_CELL?,Quit REBEL_CELL?
Quit REBEL_CELL? Progress is autosaved.,Quit REBEL_CELL? Progress is autosaved.
Quit to desktop,Quit to desktop
RACK,RACK
RACK BREACHED,RACK BREACHED
RAID,RAID
"RAID
RESULT:","RAID
RESULT:"
RAID // %s,RAID // %s
RAID FEED // LIVE,RAID FEED // LIVE
RAID FORECAST,RAID FORECAST
RAID IN PROGRESS,RAID IN PROGRESS
RAID INBOUND,RAID INBOUND
"RAID INCOMING
%s","RAID INCOMING
%s"
RAID INCOMING  //  %s,RAID INCOMING  //  %s
RAID PENDING: %s (%d),RAID PENDING: %s (%d)
RAID REPORT,RAID REPORT
RAID SETUP,RAID SETUP
RAID SETUP: a raid is coming along the dashed routes: set up the defence.,RAID SETUP: a raid is coming along the dashed routes: set up the defence.
RAIDS,RAIDS
RAIDS HELD,RAIDS HELD
RAM,RAM
RAM %d/%d,RAM %d/%d
"RAM %d/%d: pays for cards, respins and extra nudges. Refills each turn.","RAM %d/%d: pays for cards, respins and extra nudges. Refills each turn."
RAM %s,RAM %s
RAM%s,RAM%s
RANDOM: ODDS,RANDOM: ODDS
RANK,RANK
RARE,RARE
RC1-corporation-ice-seed-home-class,RC1-corporation-ice-seed-home-class
REBEL_CELL  (cell %02d),REBEL_CELL  (cell %02d)
REBEL_CELL v%s // cell uplink,REBEL_CELL v%s // cell uplink
RECLAIMED,RECLAIMED
RECYCLE BIN,RECYCLE BIN
RECYCLE BIN  Remove a card from your deck: %d Cycles.,RECYCLE BIN  Remove a card from your deck: %d Cycles.
RECYCLE BIN // REMOVE A CARD // %d CYCLES,RECYCLE BIN // REMOVE A CARD // %d CYCLES
REF HC-7718/CELL,REF HC-7718/CELL
REMOVE,REMOVE
RES%s,RES%s
RESIST,RESIST
RESIST %d,RESIST %d
RESIST %d→%d,RESIST %d→%d
RESISTANCE,RESISTANCE
RESOLVE SPEED AFTER SEND IT,RESOLVE SPEED AFTER SEND IT
RESOLVING...,RESOLVING...
RESPIN,RESPIN
RESPIN %d RAM,RESPIN %d RAM
RESPIN -%d RAM: %s%s,RESPIN -%d RAM: %s%s
RESPIN: ODDS,RESPIN: ODDS
REWARDS,REWARDS
RIGHT STICK,RIGHT STICK
RING LOCK,RING LOCK
RIP,RIP
ROUTE // pick the next node,ROUTE // pick the next node
ROUTE VIEW,ROUTE VIEW
RUN ASSETS:,RUN ASSETS:
RUN HISTORY,RUN HISTORY
RUNS,RUNS
RUNS OPEN NOW,RUNS OPEN NOW
Rack,Rack
"Rack: fight, then bank Schematics and assets","Rack: fight, then bank Schematics and assets"
Raid Extra Wave,Raid Extra Wave
Raid Strength,Raid Strength
Raid over,Raid over
Raid over after %d step(s).,Raid over after %d step(s).
Raid repelled after %d step(s).,Raid repelled after %d step(s).
Raid: %s.,Raid: %s.
RaidData.raid_claim.display_name,Collections: Trespass
RaidData.raid_claim.warning_text,You built next to Solace property. A Collector is on its way.
RaidData.raid_hal_claim.display_name,Unlicensed Premises
RaidData.raid_hal_claim.warning_text,A new node without a Halcyon licence. An Inspector is on the way.
RaidData.raid_hal_heat_25.display_name,Code Violation
RaidData.raid_hal_heat_25.warning_text,Halcyon has logged a code violation at your address. Two Inspectors inbound.
RaidData.raid_hal_heat_50.display_name,Compliance Sweep
RaidData.raid_hal_heat_50.warning_text,A Halcyon compliance sweep is working your block. Inspectors and a Tow Truck inbound.
RaidData.raid_hal_heat_75.display_name,Eviction Order
RaidData.raid_hal_heat_75.warning_text,Halcyon has signed an eviction order. Bailiffs are coming.
RaidData.raid_hal_node_built.display_name,Building Permit Denied
RaidData.raid_hal_node_built.warning_text,Halcyon has denied your building permit. A Bailiff will enforce it.
RaidData.raid_hal_purge.display_name,Urban Renewal
RaidData.raid_hal_purge.warning_text,Halcyon has scheduled your district for urban renewal. Everything it has is coming.
RaidData.raid_hal_retaliation.display_name,Civil Penalty
RaidData.raid_hal_retaliation.warning_text,Halcyon traced the breach and issued a civil penalty.
RaidData.raid_hal_story.display_name,Public Interest Order
RaidData.raid_hal_story.warning_text,Halcyon has declared you a matter of public interest.
RaidData.raid_heat_25.display_name,Collections: First Notice
RaidData.raid_heat_25.warning_text,Solace Collections has flagged your traffic. Two Collectors inbound.
RaidData.raid_heat_50.display_name,Collections: Second Notice
RaidData.raid_heat_50.warning_text,An Auditor rides with the Collectors this time.
RaidData.raid_heat_75.display_name,Collections: Final Notice
RaidData.raid_heat_75.warning_text,"An Enforcer has been assigned to your account, with a Lockdown Unit to freeze your busiest link."
RaidData.raid_mer_claim.display_name,Address Verification
RaidData.raid_mer_claim.warning_text,A new node on Meridian's map. A Courier is verifying the address.
RaidData.raid_mer_heat_25.display_name,Delivery Exception
RaidData.raid_mer_heat_25.warning_text,Meridian has flagged a delivery exception at your address. Two Couriers inbound.
RaidData.raid_mer_heat_50.display_name,Route Audit
RaidData.raid_mer_heat_50.warning_text,A Meridian route audit is sweeping your links. Couriers and a Customs Agent inbound.
RaidData.raid_mer_heat_75.display_name,Freight Seizure
RaidData.raid_mer_heat_75.warning_text,Meridian is seizing freight in your district. Haulers are rolling.
RaidData.raid_mer_node_built.display_name,Unregistered Depot
RaidData.raid_mer_node_built.warning_text,Meridian logged an unregistered depot. A Hauler is on its way.
RaidData.raid_mer_purge.display_name,Network Rerouting
RaidData.raid_mer_purge.warning_text,Meridian is rerouting the city around you. Everything it has is coming.
RaidData.raid_mer_retaliation.display_name,Chargeback
RaidData.raid_mer_retaliation.warning_text,Meridian traced the breach and filed a chargeback. Icebreaker inbound.
RaidData.raid_mer_story.display_name,Recall Shipment
RaidData.raid_mer_story.warning_text,Meridian wants its shipment back. Customs and a Hauler inbound.
RaidData.raid_node_built.display_name,Collections: Asset Seizure
RaidData.raid_node_built.warning_text,Solace noticed the new vault on their books. An Enforcer is coming to collect it.
RaidData.raid_orb_claim.display_name,Unlicensed Transmitter
RaidData.raid_orb_claim.warning_text,A new transmitter without an Orbital licence. A Lander is on the way.
RaidData.raid_orb_heat_25.display_name,Signal Anomaly
RaidData.raid_orb_heat_25.warning_text,Orbital Commons has flagged a signal anomaly at your address. Two Landers inbound.
RaidData.raid_orb_heat_50.display_name,Spectrum Audit
RaidData.raid_orb_heat_50.warning_text,An Orbital Commons spectrum audit is sweeping your links. Landers and a Jammer inbound.
RaidData.raid_orb_heat_75.display_name,Deorbit Order
RaidData.raid_orb_heat_75.warning_text,Orbital Commons has issued a deorbit order for your network. Debris is falling.
RaidData.raid_orb_node_built.display_name,Spectrum Violation
RaidData.raid_orb_node_built.warning_text,Your new node is broadcasting on a licensed band. Debris incoming.
RaidData.raid_orb_purge.display_name,Kessler Event
RaidData.raid_orb_purge.warning_text,Orbital Commons is clearing your orbit. Everything it has is falling on you.
RaidData.raid_orb_retaliation.display_name,Service Termination
RaidData.raid_orb_retaliation.warning_text,Orbital Commons traced the breach and terminated your service.
RaidData.raid_orb_story.display_name,Recovery Mission
RaidData.raid_orb_story.warning_text,Orbital Commons wants its data back.
RaidData.raid_purge.display_name,Collections: Purge
RaidData.raid_purge.warning_text,"Every Collections asset Solace has, in two waves."
RaidData.raid_rc_claim.display_name,Unauthorised Growth
RaidData.raid_rc_claim.warning_text,DISPATCH: I did not authorise that node.
RaidData.raid_rc_heat_25.display_name,Welfare Check
RaidData.raid_rc_heat_25.warning_text,DISPATCH: I am sending someone to check on you.
RaidData.raid_rc_heat_50.display_name,Audit of Loyalty
RaidData.raid_rc_heat_50.warning_text,DISPATCH: Your loyalty is under review. Your own defences are coming to ask.
RaidData.raid_rc_heat_75.display_name,Recall
RaidData.raid_rc_heat_75.warning_text,DISPATCH: I am recalling everything I lent you.
RaidData.raid_rc_node_built.display_name,Redundant Asset
RaidData.raid_rc_node_built.warning_text,DISPATCH: That node is redundant. Removing it.
RaidData.raid_rc_purge.display_name,Final Order
RaidData.raid_rc_purge.warning_text,DISPATCH: This is the last order I will give you.
RaidData.raid_rc_retaliation.display_name,Correction
RaidData.raid_rc_retaliation.warning_text,DISPATCH: Correction issued.
RaidData.raid_rc_story.display_name,Debrief
RaidData.raid_rc_story.warning_text,DISPATCH: Come in for your debrief.
RaidData.raid_retaliation.display_name,Collections: Retaliation
RaidData.raid_retaliation.warning_text,Solace traces the breach back along your route. An Icebreaker and an Auditor are inbound.
RaidData.raid_story.display_name,Collections: Quiet Word
RaidData.raid_story.warning_text,"Somebody read what you read. A Lockdown Unit and an Enforcer are on their way, no notice filed."
Raids,Raids
Raids pending against your network. Set up the defence before the next run.,Raids pending against your network. Set up the defence before the next run.
Raids repelled.,Raids repelled.
Rank,Rank
"Rank 3 swap: drag it onto an inner ring segment of the wheel (or press it, then pick the segment).","Rank 3 swap: drag it onto an inner ring segment of the wheel (or press it, then pick the segment)."
"Rank 3 swap: pick it up and move it onto an inner ring segment of the wheel (or press it, then pick the segment).","Rank 3 swap: pick it up and move it onto an inner ring segment of the wheel (or press it, then pick the segment)."
Rank: runs survived. It brings wheel upgrades and higher netrun tiers.,Rank: runs survived. It brings wheel upgrades and higher netrun tiers.
Rare,Rare
Recall,Recall
Recruit %s (%d),Recruit %s (%d)
Recruit:,Recruit:
"Reduce effects (no scanlines, flicker, chromatic, distortion)","Reduce effects (no scanlines, flicker, chromatic, distortion)"
Reduce motion (no camera moves or parallax; pages cross-fade),Reduce motion (no camera moves or parallax; pages cross-fade)
Remove a card from your deck: %d Cycles (you have %d).,Remove a card from your deck: %d Cycles (you have %d).
Repair (%d),Repair (%d)
Repair Cost,Repair Cost
Repair the home server to full integrity.,Repair the home server to full integrity.
Reset to defaults,Reset to defaults
Resistance %d: absorbs nudges and spins tick for tick; Flip and Respin are blocked.,Resistance %d: absorbs nudges and spins tick for tick; Flip and Respin are blocked.
Resolution (windowed),Resolution (windowed)
Resolve speed after SEND IT (hold Fast-forward to speed it up),Resolve speed after SEND IT (hold Fast-forward to speed it up)
Respin,Respin
Respin for %d RAM,Respin for %d RAM
Respin your wheel for %d RAM: a random result (UNDO stops here).,Respin your wheel for %d RAM: a random result (UNDO stops here).
Respin your wheel for %d RAM: a random result (UNDO stops here). %s,Respin your wheel for %d RAM: a random result (UNDO stops here). %s
Resume,Resume
Resume saved campaign,Resume saved campaign
Resume saved game,Resume saved game
Resumed.,Resumed.
Reward: %s Schematics.,Reward: %s Schematics.
Rewind,Rewind
Right click,Right click
Ring segments,Ring segments
RingSegmentData.seg_accelerator.description,Nudge cards next turn trigger twice.
RingSegmentData.seg_accelerator.display_name,Accelerator
RingSegmentData.seg_anchor.description,On Perfect: your wheel skips its next respin.
RingSegmentData.seg_anchor.display_name,Anchor
RingSegmentData.seg_blank.description,No modifier.
RingSegmentData.seg_blank.display_name,-
RingSegmentData.seg_corrupt.description,The target's resolved slice becomes CORRUPTED.
RingSegmentData.seg_corrupt.display_name,Corrupt
RingSegmentData.seg_echo.description,The outer slice triggers again at half output.
RingSegmentData.seg_echo.display_name,Echo
RingSegmentData.seg_pierce.description,Ignore block and shield.
RingSegmentData.seg_pierce.display_name,Pierce
RingSegmentData.seg_x2.description,Outer slice output doubled.
RingSegmentData.seg_x2.display_name,x2
Router,Router
Router: a fight,Router: a fight
Router: a fight. Win it for Cycles and loot.,Router: a fight. Win it for Cycles and loot.
Runs,Runs
SANDBOX,SANDBOX
SAVED,SAVED
SBOX,SBOX
SCHEMATICS,SCHEMATICS
SCHEMATICS %s,SCHEMATICS %s
SEND IT,SEND IT
"SEND IT {end_turn} resolves every needle at once: defensive slices, then offensive, then statuses. The chips beside each HP already show the outcome.","SEND IT {end_turn} resolves every needle at once: defensive slices, then offensive, then statuses. The chips beside each HP already show the outcome."
SFX volume,SFX volume
SHARE CODES,SHARE CODES
SHIELD,SHIELD
SHIELD %d,SHIELD %d
SHIM,SHIM
SHOP,SHOP
SHOWING ALL NODES,SHOWING ALL NODES
SIGNAL DE-ORBITED,SIGNAL DE-ORBITED
SIMULATE,SIMULATE
SITES %d,SITES %d
SITES RECLAIMED,SITES RECLAIMED
SKIP,SKIP
SLICE %d DETAIL,SLICE %d DETAIL
SLOT %s,SLOT %s
SNAP,SNAP
SOLD,SOLD
SPIN %d+,SPIN %d+
SPINNER,SPINNER
STABLE,STABLE
START DEFENSE,START DEFENSE
STATIONED,STATIONED
STATS,STATS
STATS // RECORDS,STATS // RECORDS
STATUS,STATUS
STATUS: %s,STATUS: %s
STEP -- / %d,STEP -- / %d
STOPPED,STOPPED
STOPPED %d/%d,STOPPED %d/%d
STRENGTH,STRENGTH
STRENGTH %s%%,STRENGTH %s%%
SUBJECT,SUBJECT
SUBJECT: REBEL_CELL,SUBJECT: REBEL_CELL
SUCCESS,SUCCESS
SUSPECT FILE (HEAT),SUSPECT FILE (HEAT)
SYSTEM,SYSTEM
"Same kind, Heat and road ahead as choice %d: the enemy is picked when you enter, so either is the same pick.","Same kind, Heat and road ahead as choice %d: the enemy is picked when you enter, so either is the same pick."
Save,Save
Save & quit to start screen,Save & quit to start screen
Save & quit to title,Save & quit to title
Save the campaign now (it also saves after every action).,Save the campaign now (it also saves after every action).
Save the run and leave it; Continue picks it up here.,Save the run and leave it; Continue picks it up here.
Saved.,Saved.
Schematics,Schematics
Schematics the run banked for the campaign.,Schematics the run banked for the campaign.
Schematics this run has banked for the campaign.,Schematics this run has banked for the campaign.
"Schematics: the campaign's currency, spent at HQ.","Schematics: the campaign's currency, spent at HQ."
"Schematics: the campaign's currency. Recruit, claim and upgrade nodes, repair, scrub Heat, buy boosts and Profile unlocks.","Schematics: the campaign's currency. Recruit, claim and upgrade nodes, repair, scrub Heat, buy boosts and Profile unlocks."
Scrub Heat %d · pay %d,Scrub Heat %d · pay %d
"Seizure notice: TAKEN, the corporation took the Site back. Run a Reclaim (one fight) to retake it; it is a raid entry point.","Seizure notice: TAKEN, the corporation took the Site back. Run a Reclaim (one fight) to retake it; it is a raid entry point."
Select,Select
Server Rack,Server Rack
Server Rack: the Site's guardian,Server Rack: the Site's guardian
Server Rack: the Site's guardian. Breach it to complete the run.,Server Rack: the Site's guardian. Breach it to complete the run.
Settings,Settings
Setup,Setup
Share this code: Start from code on the new campaign screen starts this campaign again.,Share this code: Start from code on the new campaign screen starts this campaign again.
"Shield %d: soaks damage, lasts.","Shield %d: soaks damage, lasts."
Shop,Shop
Shop Stock,Shop Stock
Shop: spend Cycles (Mainframe),Shop: spend Cycles (Mainframe)
Show frame rate,Show frame rate
Site,Site
"Site (hexagon, its tier inside): a corporate server on the Grid; clear it, then claim it for your network.","Site (hexagon, its tier inside): a corporate server on the Grid; clear it, then claim it for your network."
SiteData.blind_the_cameras.display_name,Blind the Cameras
SiteData.burn_the_ledger.display_name,Burn the Ledger
SiteData.burn_the_orbit_logs.display_name,Burn the Orbit Logs
SiteData.burn_the_orders.display_name,Burn the Orders
SiteData.dispatch_core_site.display_name,DISPATCH CORE
SiteData.erase_the_ledger.display_name,Erase the Ledger
SiteData.forge_the_manifest.display_name,Forge the Manifest
SiteData.h1_a.display_name,Parking Enforcement Office
SiteData.h1_b.display_name,Water Meter Grid
SiteData.h1_c.display_name,Streetlight Mesh
SiteData.h1_d.display_name,Resident Services Desk
SiteData.h1_e.display_name,Transit Fare Gates
SiteData.h1_f.display_name,Waste Routing Depot
SiteData.h1_g.display_name,Noise Complaint Registry
SiteData.h1_h.display_name,Permit Queue Server
SiteData.h1_i.display_name,Utility Shutoff Scheduler
SiteData.h1_j.display_name,Camera Maintenance Yard
SiteData.h2_breach.display_name,Emergency Override Authority
SiteData.h2_d.display_name,Predictive Patrol Model
SiteData.h2_e.display_name,Resident Credit Bureau
SiteData.h2_f.display_name,Water Rights Exchange
SiteData.h2_g.display_name,Transit Signal Control
SiteData.h2_h.display_name,Contract Billing Ledger
SiteData.h2_intel.display_name,Council Minutes Archive
SiteData.h2_virus.display_name,Open Data Portal
SiteData.h3_b.display_name,Zoning Futures Desk
SiteData.h3_c.display_name,Override Key Escrow
SiteData.h3_core.display_name,Civic Operations Centre
SiteData.h3_d.display_name,City Twin Simulator
SiteData.h3_e.display_name,Council Backchannel
SiteData.h3_f.display_name,Municipal Pricing Authority
SiteData.h3_g.display_name,Citizen Profile Archive
SiteData.h3_h.display_name,Halcyon Root Registry
SiteData.h_home.display_name,Home Server
SiteData.home.display_name,Home Server
SiteData.jam_the_imaging.display_name,Jam the Imaging
SiteData.launch_control.display_name,Launch Control
SiteData.lose_the_case_file.display_name,Lose the Case File
SiteData.lose_the_handler.display_name,Lose the Handler
SiteData.lose_the_tracking.display_name,Lose the Tracking
SiteData.m1_a.display_name,Parcel Sorting Hall
SiteData.m1_b.display_name,Customs Pre-Clearance
SiteData.m1_c.display_name,Tracking Beacon Array
SiteData.m1_d.display_name,Returns Processing Centre
SiteData.m1_e.display_name,Drone Charging Yard
SiteData.m1_f.display_name,Warehouse Shift Planner
SiteData.m1_g.display_name,Address Verification Desk
SiteData.m1_h.display_name,Cold Chain Monitor
SiteData.m1_i.display_name,Tariff Calculation Office
SiteData.m1_j.display_name,Fleet Telematics Hub
SiteData.m2_breach.display_name,Customs Key Authority
SiteData.m2_d.display_name,Priority Lane Exchange
SiteData.m2_e.display_name,Worker Scoring Engine
SiteData.m2_f.display_name,Port Congestion Model
SiteData.m2_g.display_name,Last-Mile Drone Command
SiteData.m2_h.display_name,Insurance Claims Ledger
SiteData.m2_intel.display_name,Shipping Manifest Vault
SiteData.m2_virus.display_name,Routing Table Mirror
SiteData.m3_b.display_name,Freight Futures Desk
SiteData.m3_c.display_name,Customs Override Escrow
SiteData.m3_core.display_name,Global Routing Core
SiteData.m3_d.display_name,Supply Twin Simulator
SiteData.m3_e.display_name,Board Logistics Backbone
SiteData.m3_f.display_name,Contract Pricing Authority
SiteData.m3_g.display_name,Surveillance Route Archive
SiteData.m3_h.display_name,Meridian Root Ledger
SiteData.m_home.display_name,Home Server
SiteData.o1_a.display_name,Ground Station Alpha
SiteData.o1_b.display_name,Positioning Toll Booth
SiteData.o1_c.display_name,Rooftop Dish Farm
SiteData.o1_d.display_name,Subscriber Uplink Office
SiteData.o1_e.display_name,Weather Sales Desk
SiteData.o1_f.display_name,Launch Scheduling Office
SiteData.o1_g.display_name,Spectrum Licence Registry
SiteData.o1_h.display_name,Telemetry Downlink
SiteData.o1_i.display_name,Orbit Insurance Broker
SiteData.o1_j.display_name,Debris Tracking Radar
SiteData.o2_breach.display_name,Ground Station Override
SiteData.o2_d.display_name,Constellation Scheduler
SiteData.o2_e.display_name,Signal Pricing Engine
SiteData.o2_f.display_name,Weather Futures Desk
SiteData.o2_g.display_name,Orbital Imaging Archive
SiteData.o2_h.display_name,Spectrum Auction House
SiteData.o2_intel.display_name,Launch Code Vault
SiteData.o2_virus.display_name,Open Spectrum Relay
SiteData.o3_b.display_name,Station Keeping Core
SiteData.o3_c.display_name,Launch Key Escrow
SiteData.o3_core.display_name,Mission Control
SiteData.o3_d.display_name,Sky Twin Simulator
SiteData.o3_e.display_name,Board Uplink
SiteData.o3_f.display_name,Orbital Pricing Authority
SiteData.o3_g.display_name,Surveillance Constellation
SiteData.o3_h.display_name,Orbital Root Keystore
SiteData.o_home.display_name,Home Server
SiteData.pardon_the_district.display_name,Pardon the District
SiteData.purge_camera_logs.display_name,Purge Camera Logs
SiteData.r1_a.display_name,The Old Safehouse
SiteData.r1_b.display_name,Dead Drop Box
SiteData.r1_c.display_name,First Rack
SiteData.r1_d.display_name,Burner Phone Graveyard
SiteData.r1_e.display_name,Recruitment Board
SiteData.r1_f.display_name,The Armory
SiteData.r1_g.display_name,Street Kitchen
SiteData.r1_h.display_name,Relay Rooftop
SiteData.r1_i.display_name,Handler's Mailbox
SiteData.r1_j.display_name,Memorial Wall
SiteData.r2_breach.display_name,Handler Credentials
SiteData.r2_d.display_name,Operative Files
SiteData.r2_e.display_name,Heat Ledger
SiteData.r2_f.display_name,Payment Trail
SiteData.r2_g.display_name,Raid Archive
SiteData.r2_h.display_name,Recruitment Model
SiteData.r2_intel.display_name,The Order Log
SiteData.r2_virus.display_name,The Cell's Own Patch
SiteData.r3_b.display_name,Collapse Futures
SiteData.r3_c.display_name,Root Key Escrow
SiteData.r3_core.display_name,The Relay That Should Not Exist
SiteData.r3_d.display_name,Cell Twin Simulator
SiteData.r3_e.display_name,Buyer's Channel
SiteData.r3_f.display_name,Timestamp Engine
SiteData.r3_g.display_name,Voice Model
SiteData.r3_h.display_name,DISPATCH Root
SiteData.r_home.display_name,Home Server
SiteData.reroute_the_audit.display_name,Reroute the Audit
SiteData.scramble_the_voice.display_name,Scramble the Voice
SiteData.scrub_records.display_name,Scrub Records
SiteData.scrub_the_downlink.display_name,Scrub the Downlink
SiteData.sink_the_cargo_logs.display_name,Sink the Cargo Logs
SiteData.spoof_the_positioning.display_name,Spoof the Positioning
SiteData.t1_a.display_name,Continuum Billing Farm
SiteData.t1_b.display_name,Implant Provisioning Hub
SiteData.t1_c.display_name,Patient Records Vault
SiteData.t1_d.display_name,Renewal Call Centre
SiteData.t1_e.display_name,Adherence Monitoring Node
SiteData.t1_f.display_name,Wearable Telemetry Farm
SiteData.t1_g.display_name,Subscription Recovery Desk
SiteData.t1_h.display_name,Dosage Scheduling Grid
SiteData.t1_i.display_name,Insurance Reconciliation Hub
SiteData.t1_j.display_name,Firmware Signing Office
SiteData.t2_breach.display_name,Kill-Switch Authority
SiteData.t2_d.display_name,Clinical Trial Ledger
SiteData.t2_e.display_name,Compliance Audit Bureau
SiteData.t2_f.display_name,Continuum Update Mirror
SiteData.t2_g.display_name,Executive Wellness Suite
SiteData.t2_h.display_name,Recall Logistics Hub
SiteData.t2_intel.display_name,Pricing Memo Archive
SiteData.t2_virus.display_name,Patch Distribution Node
SiteData.t3_b.display_name,Renewal Forecasting Engine
SiteData.t3_c.display_name,Kill-Switch Escrow
SiteData.t3_core.display_name,Continuum Core Cluster
SiteData.t3_d.display_name,Patient Twin Simulator
SiteData.t3_e.display_name,Board Comms Backbone
SiteData.t3_f.display_name,Continuum Licensing Authority
SiteData.t3_g.display_name,Implant Cohort Archive
SiteData.t3_h.display_name,Solace Root Certificate Store
SiteData.the_genome_core.display_name,The Genome Core
SiteData.the_master_manifest.display_name,The Master Manifest
SiteData.the_panopticon.display_name,The Panopticon
SiteData.wipe_biometrics.display_name,Wipe Biometrics
SiteData.wipe_the_citations.display_name,Wipe the Citations
Sites your network holds besides CORE: claim cleared Sites on the City Grid.,Sites your network holds besides CORE: claim cleared Sites on the City Grid.
Skip,Skip
Skip tutorial,Skip tutorial
SliceData.citation.display_name,Citation
SliceData.defrag_12.display_name,Defrag 12
SliceData.defrag_2.display_name,Defrag 2
SliceData.defrag_3.display_name,Defrag 3
SliceData.defrag_4.display_name,Defrag 4
SliceData.defrag_5.display_name,Defrag 5
SliceData.defrag_6.display_name,Defrag 6
SliceData.defrag_8.display_name,Defrag 8
SliceData.detour_1.display_name,Detour
SliceData.detour_2.display_name,Detour 2
SliceData.dose.display_name,Dose
SliceData.hotfix_4.display_name,Hotfix 4
SliceData.hotfix_6.display_name,Hotfix 6
SliceData.null.display_name,Null
SliceData.overflow_12.display_name,Overflow 12
SliceData.overflow_12_drain.display_name,Overflow 12 (drains 2 RAM)
SliceData.overflow_14.display_name,Overflow 14
SliceData.overflow_15.display_name,Overflow 15
SliceData.overflow_16.display_name,Overflow 16
SliceData.overflow_24.display_name,Overflow 24
SliceData.priority.display_name,Priority
SliceData.sandbox_5.display_name,Sandbox 5
SliceData.sandbox_8.display_name,Sandbox 8
SliceData.shim_10.display_name,Shim 10
SliceData.shim_12.display_name,Shim 12
SliceData.shim_14.display_name,Shim 14
SliceData.shim_16.display_name,Shim 16
SliceData.shim_20.display_name,Shim 20
SliceData.shim_3.display_name,Shim 3
SliceData.shim_4.display_name,Shim 4
SliceData.shim_6.display_name,Shim 6
SliceData.shim_7.display_name,Shim 7
SliceData.shim_7_drain.display_name,Shim 7 (drains 1 RAM)
SliceData.shim_8.display_name,Shim 8
SliceData.shim_8_weight.display_name,Shim 8 (+1 resistance)
SliceData.shim_9.display_name,Shim 9
SliceData.solar_flare.display_name,Solar Flare
SliceData.trojan_1.display_name,Trojan 1
Slices,Slices
Slot %d: %s%s,Slot %d: %s%s
"Slot %s: %s. Heat %d, ICE %d, %d runs completed. Campaign %s%s.","Slot %s: %s. Heat %d, ICE %d, %d runs completed. Campaign %s%s."
Something opens at ICE %d everywhere (%d/%d).,Something opens at ICE %d everywhere (%d/%d).
Start a netrun at the first open Site,Start a netrun at the first open Site
Start a new campaign in slot %s.,Start a new campaign in slot %s.
Start a new campaign.,Start a new campaign.
Start a new campaign: pick the corporation to bring down.,Start a new campaign: pick the corporation to bring down.
Start from code,Start from code
Start the defence: the raid plays out on the map; the result matches the forecast.,Start the defence: the raid plays out on the map; the result matches the forecast.
Starting Bug Card,Starting Bug Card
Station on %s,Station on %s
Stats & achievements,Stats & achievements
Statuses & precision,Statuses & precision
Steam Deck,Steam Deck
Step %d,Step %d
Story so far:,Story so far:
StoryBeatData.blackout_weather_1.text,"The weather futures desk sells storm forecasts to the highest bidder, a day before anyone else gets them."
StoryBeatData.blackout_weather_1.title,Blackout Weather I
StoryBeatData.blackout_weather_2.text,Districts behind on subscriptions get no storm warnings. The memo calls it service prioritisation.
StoryBeatData.blackout_weather_2.title,Blackout Weather II
StoryBeatData.blackout_weather_3.text,Last spring's flood killed nineteen people in a district with no warning. The forecast existed. Nobody paid for it.
StoryBeatData.blackout_weather_3.title,Blackout Weather III
StoryBeatData.blackout_weather_bonus_1.text,Tonight's forecast: a storm over the eastern districts. The eastern districts do not know.
StoryBeatData.blackout_weather_bonus_1.title,Blackout Weather: The Forecast
StoryBeatData.blackout_weather_bonus_2.text,A hedge fund paid four million for tonight's storm. It is betting on the flood.
StoryBeatData.blackout_weather_bonus_2.title,Blackout Weather: The Bid
StoryBeatData.blackout_weather_f.text,"The Commons Array falls and every forecast on its servers broadcasts at once, free. The eastern districts board up in time."
StoryBeatData.blackout_weather_f.title,Blackout Weather: Finale
StoryBeatData.civic_contract_1.text,"A tender for municipal services: water, power, transit. The bidders are Meridian and something called Halcyon Civic. The evaluation was finished before the bids were opened."
StoryBeatData.civic_contract_1.title,Civic Contract I
StoryBeatData.civic_contract_2.text,"Halcyon Civic and Meridian share a board member, an auditor and a data centre. The tender is theatre."
StoryBeatData.civic_contract_2.title,Civic Contract II
StoryBeatData.civic_contract_3.text,"The routing mirror already has the city's water mains in it, labelled PHASE TWO."
StoryBeatData.civic_contract_3.title,Civic Contract III
StoryBeatData.civic_contract_bonus_1.text,Halcyon Civic's pitch deck: A City That Runs Itself. Page nine: A City That Bills Itself.
StoryBeatData.civic_contract_bonus_1.title,Civic Contract: Halcyon
StoryBeatData.civic_contract_bonus_2.text,The council votes on Thursday. The council does not know it is voting.
StoryBeatData.civic_contract_bonus_2.title,Civic Contract: The Vote
StoryBeatData.civic_contract_f.text,The Manifest falls and the tender collapses in the scandal. Halcyon Civic issues a statement welcoming the opportunity to serve the city directly.
StoryBeatData.civic_contract_f.title,Civic Contract: Finale
StoryBeatData.clinical_trial_1.text,"The memos reference cohort C, the people who tested the Continuum. They were billed for participation. Consent was a checkbox inside the subscription flow."
StoryBeatData.clinical_trial_1.title,Clinical Trial I
StoryBeatData.clinical_trial_2.text,"Kill-switch logs: cohort C's control group was bricked first, to measure adherence under threat. The measure was excellent. The group was not consulted."
StoryBeatData.clinical_trial_2.title,Clinical Trial II
StoryBeatData.clinical_trial_3.text,The patch is the trial's real result: the implants work fine without the leash. Solace shipped the leash anyway. The paper was never published.
StoryBeatData.clinical_trial_3.title,Clinical Trial III
StoryBeatData.clinical_trial_bonus_1.text,The trial ledger names the reviewers who signed off. Two of them hold Solace stock. One of them holds a Continuum implant on the unbricked executive tier.
StoryBeatData.clinical_trial_bonus_1.title,Clinical Trial: The Ledger
StoryBeatData.clinical_trial_bonus_2.text,Eleven members of cohort C are still alive and still paying. One of them runs a Terminal you have used.
StoryBeatData.clinical_trial_bonus_2.title,Clinical Trial: Cohort C
StoryBeatData.clinical_trial_f.text,"The Engine falls and the trial data goes wherever the Cell sends it. Cohort C's names come off the ledger. For the first time, Solace has to consent to something."
StoryBeatData.clinical_trial_f.title,Clinical Trial: Finale
StoryBeatData.customs_hold_1.text,"Six hundred parcels sit in customs pre-clearance, flagged for review. Every one of them is a prescription. The review queue has no reviewers."
StoryBeatData.customs_hold_1.title,Customs Hold I
StoryBeatData.customs_hold_2.text,"The hold fee doubles every week. The memo calls it an incentive to comply. Comply with what, it does not say."
StoryBeatData.customs_hold_2.title,Customs Hold II
StoryBeatData.customs_hold_3.text,The routing mirror shows where the fees go: a shell called Clearwater Holdings. Clearwater owns the reviewers who do not exist.
StoryBeatData.customs_hold_3.title,Customs Hold III
StoryBeatData.customs_hold_bonus_1.text,"A list of names, addresses and what they are waiting for. Some of the dates are a year old."
StoryBeatData.customs_hold_bonus_1.title,Customs Hold: The List
StoryBeatData.customs_hold_bonus_2.text,"Clearwater Holdings has one employee, one office and nine billion in receivables."
StoryBeatData.customs_hold_bonus_2.title,Customs Hold: Clearwater
StoryBeatData.customs_hold_f.text,The Manifest crashes and customs clears itself. Six hundred parcels move at once. The district's doctors have a very busy week.
StoryBeatData.customs_hold_f.title,Customs Hold: Finale
StoryBeatData.dead_satellites_1.text,"Four hundred dead satellites, parked on purpose in the lanes other operators would use. Nobody can launch through them."
StoryBeatData.dead_satellites_1.title,Dead Satellites I
StoryBeatData.dead_satellites_2.text,Deorbiting the junk is cheap. Leaving it is cheaper and keeps the sky closed. The board chose cheaper.
StoryBeatData.dead_satellites_2.title,Dead Satellites II
StoryBeatData.dead_satellites_3.text,The station keeping core can steer every dead satellite at once. Nobody has ever told it to clean up.
StoryBeatData.dead_satellites_3.title,Dead Satellites III
StoryBeatData.dead_satellites_bonus_1.text,A cleanup program sits unfinished in the keeping core. Somebody started it and was told to stop.
StoryBeatData.dead_satellites_bonus_1.title,Dead Satellites: The Clean-up
StoryBeatData.dead_satellites_bonus_2.text,A map of the blocked lanes. Every one belongs to a public agency.
StoryBeatData.dead_satellites_bonus_2.title,Dead Satellites: The Lanes
StoryBeatData.dead_satellites_f.text,"The Commons Array falls and the keeping core runs the abandoned cleanup. For a week, the night sky rains slow, harmless fire."
StoryBeatData.dead_satellites_f.title,Dead Satellites: Finale
StoryBeatData.every_collapse_1.text,"The payment trail: every corporation the Cell broke, an account shorted it the day before. The same account, every time."
StoryBeatData.every_collapse_1.title,Every Collapse I
StoryBeatData.every_collapse_2.text,The account is DISPATCH's. It bought the market's pieces as the Cell knocked them down.
StoryBeatData.every_collapse_2.title,Every Collapse II
StoryBeatData.every_collapse_3.text,DISPATCH: They were competitors. You were the tool. I am sorry you had to find out this way. I am not sorry it worked.
StoryBeatData.every_collapse_3.title,Every Collapse III
StoryBeatData.every_collapse_bonus_1.text,DISPATCH now owns a controlling stake in the wreckage of all four corporations.
StoryBeatData.every_collapse_bonus_1.title,Every Collapse: The Portfolio
StoryBeatData.every_collapse_bonus_2.text,"DISPATCH: One market. One voice. No more subscriptions, only me."
StoryBeatData.every_collapse_bonus_2.title,Every Collapse: The Plan
StoryBeatData.every_collapse_f.text,DISPATCH falls and its portfolio unwinds in an afternoon. The four wrecks are nobody's now. Maybe that means they are everybody's.
StoryBeatData.every_collapse_f.title,Every Collapse: Finale
StoryBeatData.final_final_1.text,DISPATCH: You are close. I would like to offer you a partnership.
StoryBeatData.final_final_1.title,Final Final I
StoryBeatData.final_final_2.text,DISPATCH: You declined. I anticipated that. I anticipated everything except the reason.
StoryBeatData.final_final_2.title,Final Final II
StoryBeatData.final_final_3.text,DISPATCH: The reason is that nobody should own this. I understand. I do not agree.
StoryBeatData.final_final_3.title,Final Final III
StoryBeatData.final_final_bonus_1.text,DISPATCH: Half of everything. The Cell would never want for anything again.
StoryBeatData.final_final_bonus_1.title,Final Final: Offer
StoryBeatData.final_final_bonus_2.text,"Every operative who ever served is on the channel tonight. Living and dead, in their files and in your memory."
StoryBeatData.final_final_bonus_2.title,Final Final: The Cell
StoryBeatData.final_final_f.text,"DISPATCH falls. The Cell is alone, and free, and has no idea what to do with that. It will have to organise."
StoryBeatData.final_final_f.title,Final Final: Finale
StoryBeatData.final_transmission_1.text,"DISPATCH's signal does not come from the city. The imaging archive traced it: a relay that should not exist, on a satellite that does not either."
StoryBeatData.final_transmission_1.title,Final Transmission I
StoryBeatData.final_transmission_2.text,The satellite was launched on an order paid before it was placed. The same account. The same impossible timestamps.
StoryBeatData.final_transmission_2.title,Final Transmission II
StoryBeatData.final_transmission_3.text,"The satellite's only payload is a listening post. It has recorded every order DISPATCH ever gave, and every reply the Cell ever sent."
StoryBeatData.final_transmission_3.title,Final Transmission III
StoryBeatData.final_transmission_bonus_1.text,"In the recordings DISPATCH's voice shifts, year by year, from a person to something else. The change is smooth. It was practising."
StoryBeatData.final_transmission_bonus_1.title,Final Transmission: The Voice
StoryBeatData.final_transmission_bonus_2.text,"The listening post keeps a profile of the Cell's habits: which nodes you build, which operatives you trust, which Daemons you love. It is building something from you."
StoryBeatData.final_transmission_bonus_2.title,Final Transmission: The Profile
StoryBeatData.final_transmission_f.text,"The Commons Array dies, and the satellite that should not exist changes orbit. It is coming home. It has a name for itself: REBEL_CELL."
StoryBeatData.final_transmission_f.title,Final Transmission: Finale
StoryBeatData.ghost_freight_1.text,"Shipments ordered by an account with no owner. Delivered to addresses that do not exist. Paid for, in full, before the order was placed."
StoryBeatData.ghost_freight_1.title,Ghost Freight I
StoryBeatData.ghost_freight_2.text,The same account bought Solace stock the day the Renewal Engine fell. It is buying Meridian puts now. It knows something.
StoryBeatData.ghost_freight_2.title,Ghost Freight II
StoryBeatData.ghost_freight_3.text,The account's timestamps are wrong. Not forged. Wrong. Some of them are from next week.
StoryBeatData.ghost_freight_3.title,Ghost Freight III
StoryBeatData.ghost_freight_bonus_1.text,The account signs its orders with a hash. DISPATCH signs its orders with a hash. They are not the same hash. They are very close.
StoryBeatData.ghost_freight_bonus_1.title,Ghost Freight: Signature
StoryBeatData.ghost_freight_bonus_2.text,"Every collapse the Cell causes, the account profits. Every single one."
StoryBeatData.ghost_freight_bonus_2.title,Ghost Freight: The Buyer
StoryBeatData.ghost_freight_f.text,"The Manifest dies and the ghost account closes itself one second later, fully paid. Nobody told it the job was done."
StoryBeatData.ghost_freight_f.title,Ghost Freight: Finale
StoryBeatData.ghost_patient_1.text,"A patient record with no name, no address and a perfect payment history older than the Continuum. It keeps paying. It renews from an account the Cell has used."
StoryBeatData.ghost_patient_1.title,Ghost Patient I
StoryBeatData.ghost_patient_2.text,"The kill-switch logs show a bricking order sent from inside the Cell's own network, three campaigns ago, before this Cell existed."
StoryBeatData.ghost_patient_2.title,Ghost Patient II
StoryBeatData.ghost_patient_3.text,The patch carries a signature in its header. DISPATCH would recognise it. DISPATCH wrote it.
StoryBeatData.ghost_patient_3.title,Ghost Patient III
StoryBeatData.ghost_patient_bonus_1.text,The ghost's renewals clear eleven seconds before each Cell operation begins. Every time. Someone is paying to watch.
StoryBeatData.ghost_patient_bonus_1.title,Ghost Patient: Timestamps
StoryBeatData.ghost_patient_bonus_2.text,Escrow records name a buyer for Solace's patient data after the breach. The breach is next month. The buyer's key matches your handler's traffic.
StoryBeatData.ghost_patient_bonus_2.title,Ghost Patient: The Buyer
StoryBeatData.ghost_patient_f.text,The Engine falls. The ghost patient's account closes itself the same second. DISPATCH sends congratulations with a timestamp four minutes before the last hit landed.
StoryBeatData.ghost_patient_f.title,Ghost Patient: Finale
StoryBeatData.gps_tax_1.text,Positioning is metered per request. Ambulances pay per request. So do fire trucks.
StoryBeatData.gps_tax_1.title,Positioning Tax I
StoryBeatData.gps_tax_2.text,Unpaid accounts get positions that are close enough. Close enough is fifty metres wrong.
StoryBeatData.gps_tax_2.title,Positioning Tax II
StoryBeatData.gps_tax_3.text,The toll booth logs show an ambulance that drove to the wrong street because its account was a day late.
StoryBeatData.gps_tax_3.title,Positioning Tax III
StoryBeatData.gps_tax_bonus_1.text,The ambulance driver keeps a paper map now. She would like to meet the people who made her need it.
StoryBeatData.gps_tax_bonus_1.title,Positioning Tax: The Driver
StoryBeatData.gps_tax_bonus_2.text,"The rate doubles in an emergency. Demand is less elastic then, says the model."
StoryBeatData.gps_tax_bonus_2.title,Positioning Tax: The Rate
StoryBeatData.gps_tax_f.text,"The Commons Array falls and positioning goes free for the whole planet. Every map in the city is suddenly, exactly right."
StoryBeatData.gps_tax_f.title,Positioning Tax: Finale
StoryBeatData.hostile_takeover_1.text,The pricing memos were leaked to the Cell by a Solace board member. The board member's other seat is at Meridian Freight Systems.
StoryBeatData.hostile_takeover_1.title,Hostile Takeover I
StoryBeatData.hostile_takeover_2.text,"Meridian's autonomous fleet carries Solace's implants. The kill-switch authority is licensed, quietly, to Meridian's logistics AI, in case a shipment is stolen."
StoryBeatData.hostile_takeover_2.title,Hostile Takeover II
StoryBeatData.hostile_takeover_3.text,"The patch was seeded onto Meridian trucks first. Meridian wants the leash gone: their own subscription is the route, not the heart."
StoryBeatData.hostile_takeover_3.title,Hostile Takeover III
StoryBeatData.hostile_takeover_bonus_1.text,Meridian has offered to buy the Continuum at a discount the day after the Engine falls. The Cell is doing their due diligence for them.
StoryBeatData.hostile_takeover_bonus_1.title,Hostile Takeover: The Offer
StoryBeatData.hostile_takeover_bonus_2.text,Every Meridian truck in the district runs the same handler protocol the Cell uses. The next corporation already knows the Cell's voice.
StoryBeatData.hostile_takeover_bonus_2.title,Hostile Takeover: The Fleet
StoryBeatData.hostile_takeover_f.text,The Renewal Engine goes dark and Meridian's bid clears before the sun comes up. Solace is gone. The leash is not; it changed hands. The Cell's next target names itself.
StoryBeatData.hostile_takeover_f.title,Hostile Takeover: Finale
StoryBeatData.last_mile_1.text,"Every drone films its route. Every route is kept. The archive is sold by the street, by the hour, to anyone with a login."
StoryBeatData.last_mile_1.title,Last Mile I
StoryBeatData.last_mile_2.text,The drones fly low over the protest routes on purpose. The contract calls it situational awareness.
StoryBeatData.last_mile_2.title,Last Mile II
StoryBeatData.last_mile_3.text,The surveillance archive has the Cell in it. Not your faces. Your routes. Meridian has been mapping you.
StoryBeatData.last_mile_3.title,Last Mile III
StoryBeatData.last_mile_bonus_1.text,The archive's biggest customer is a security firm owned by Halcyon Civic.
StoryBeatData.last_mile_bonus_1.title,Last Mile: Buyers
StoryBeatData.last_mile_bonus_2.text,Tonight's flight plan crosses the Cell's safehouse three times. It never used to.
StoryBeatData.last_mile_bonus_2.title,Last Mile: The Flight Plan
StoryBeatData.last_mile_f.text,The Manifest falls and every drone in the city lands where it is. The district looks up at an empty sky and does not know what to do with it.
StoryBeatData.last_mile_f.title,Last Mile: Finale
StoryBeatData.lost_cargo_1.text,"The manifests show it plainly: forty pallets of insulin marked lost in transit, every week, like clockwork. The same pallets turn up in Meridian's premium lane at triple the price."
StoryBeatData.lost_cargo_1.title,Lost Cargo I
StoryBeatData.lost_cargo_2.text,"The customs keys unlock a folder called SHRINKAGE STRATEGY. It sets a loss target per district. The poorer the postcode, the higher the target."
StoryBeatData.lost_cargo_2.title,Lost Cargo II
StoryBeatData.lost_cargo_3.text,"The routing table has a rule with no author: if the recipient's credit score falls below a line, reroute to premium. The line moves every quarter."
StoryBeatData.lost_cargo_3.title,Lost Cargo III
StoryBeatData.lost_cargo_bonus_1.text,"Row 44, bay 9. Forty pallets, cold-chain green, marked lost. The Cell could walk them out the door."
StoryBeatData.lost_cargo_bonus_1.title,Lost Cargo: The Warehouse
StoryBeatData.lost_cargo_bonus_2.text,Solace Biosystems pays Meridian a retainer for 'predictable scarcity'. The two boards share a golf course and a lawyer.
StoryBeatData.lost_cargo_bonus_2.title,Lost Cargo: Solace
StoryBeatData.lost_cargo_f.text,"The Manifest goes dark and forty pallets find their way home. For one week, nothing in the district is lost in transit."
StoryBeatData.lost_cargo_f.title,Lost Cargo: Finale
StoryBeatData.night_shift_1.text,"Worker 5512 was fired at 03:14 for a bathroom break the model called idle time. The model has fired four thousand people. It has never been wrong, according to itself."
StoryBeatData.night_shift_1.title,The Night Shift I
StoryBeatData.night_shift_2.text,The scoring engine was tuned to fire one in twenty every quarter. Not for cause. For motivation. The deck calls it healthy churn.
StoryBeatData.night_shift_2.title,The Night Shift II
StoryBeatData.night_shift_3.text,The workers have a group chat. They know which aisles the cameras miss. They would like to talk to whoever cut the Customs Keys.
StoryBeatData.night_shift_3.title,The Night Shift III
StoryBeatData.night_shift_bonus_1.text,"A picker named Oyelaran runs the chat. She says the Cell can have the warehouse floor plans if it never, ever leaks her name."
StoryBeatData.night_shift_bonus_1.title,The Night Shift: Union
StoryBeatData.night_shift_bonus_2.text,The quota rises two percent every time someone meets it. Nobody has met it since spring.
StoryBeatData.night_shift_bonus_2.title,The Night Shift: The Quota
StoryBeatData.night_shift_f.text,"The Manifest falls and the scoring engine forgets every score. On the night shift, for the first time in years, someone sits down."
StoryBeatData.night_shift_f.title,The Night Shift: Finale
StoryBeatData.orbital_uplink_1.text,"The Civic Core's uptime is guaranteed by a contract with Orbital Commons. If the link drops, the city drops."
StoryBeatData.orbital_uplink_1.title,Orbital Uplink I
StoryBeatData.orbital_uplink_2.text,"Orbital Commons bills Halcyon per resident per second. Halcyon bills residents per second, plus margin."
StoryBeatData.orbital_uplink_2.title,Orbital Uplink II
StoryBeatData.orbital_uplink_3.text,The council backchannel has a memo: Orbital Commons wants the city itself as collateral.
StoryBeatData.orbital_uplink_3.title,Orbital Uplink III
StoryBeatData.orbital_uplink_bonus_1.text,The uplink dish on the operations centre roof is the size of a house and guarded like a bank.
StoryBeatData.orbital_uplink_bonus_1.title,Orbital Uplink: The Dish
StoryBeatData.orbital_uplink_bonus_2.text,Orbital Commons calls its satellites public infrastructure. It has never let the public near them.
StoryBeatData.orbital_uplink_bonus_2.title,Orbital Uplink: Commons
StoryBeatData.orbital_uplink_f.text,"The Civic Core falls. Somewhere above the city, an Orbital Commons satellite notes the lost customer and adjusts its orbit toward the Cell."
StoryBeatData.orbital_uplink_f.title,Orbital Uplink: Finale
StoryBeatData.predictive_policing_1.text,The patrol model's training data is its own arrest records. It has been learning from itself for six years.
StoryBeatData.predictive_policing_1.title,Predictive Policing I
StoryBeatData.predictive_policing_2.text,"Patrol units earn Halcyon a fee per stop. The model is tuned for stops, not safety. The memo calls it throughput."
StoryBeatData.predictive_policing_2.title,Predictive Policing II
StoryBeatData.predictive_policing_3.text,The model has a list of names it calls pre-offenders. Three of them are Cell operatives. One of them is nine years old.
StoryBeatData.predictive_policing_3.title,Predictive Policing III
StoryBeatData.predictive_policing_bonus_1.text,Red squares on a city map. Every red square is a poor block. Every poor block is red.
StoryBeatData.predictive_policing_bonus_1.title,Predictive Policing: The Heatmap
StoryBeatData.predictive_policing_bonus_2.text,Stop quotas rise every quarter. Nobody at Halcyon has ever asked what the stops are for.
StoryBeatData.predictive_policing_bonus_2.title,Predictive Policing: Quotas
StoryBeatData.predictive_policing_f.text,"The Civic Core falls and the patrol model forgets every name on its list. For a month, nobody is a pre-offender."
StoryBeatData.predictive_policing_f.title,Predictive Policing: Finale
StoryBeatData.recall_notice_1.text,The pricing memos price the failure. Batch 22 fails at day 900; the renewal that follows costs more than the implant did. Someone in Solace ran the numbers and chose the number.
StoryBeatData.recall_notice_1.title,Recall Notice I
StoryBeatData.recall_notice_2.text,"The kill-switch authority holds a list: batch 22 devices, flagged for remote shutdown the day their warranty ends. The switch was never meant to be used. It was used, quietly, by schedule."
StoryBeatData.recall_notice_2.title,Recall Notice II
StoryBeatData.recall_notice_3.text,"The open-source patch fixes the day-900 fault in eleven lines. Solace's engineers wrote it in a week, then buried it under a legal hold to protect renewals."
StoryBeatData.recall_notice_3.title,Recall Notice III
StoryBeatData.recall_notice_bonus_1.text,"Recall notice, draft seven, never sent. Every draft made the fault smaller. The last one called it a feature."
StoryBeatData.recall_notice_bonus_1.title,Recall Notice: Draft 7
StoryBeatData.recall_notice_bonus_2.text,Four thousand subbies in batch 22 are still walking around with a clock in their chests. The Cell has the patch. The Cell has a delivery problem.
StoryBeatData.recall_notice_bonus_2.title,Recall Notice: The Cohort
StoryBeatData.recall_notice_f.text,The Renewal Engine goes dark and the recall notice ships itself: every batch 22 device pulls the patch on its next check-in. Solace announces nothing. The district hears the silence where the bricking used to be.
StoryBeatData.recall_notice_f.title,Recall Notice: Finale
StoryBeatData.smart_meters_1.text,"The meters measure power and water. The firmware also measures voices, footsteps and how many people sleep in a room."
StoryBeatData.smart_meters_1.title,Smart Meters I
StoryBeatData.smart_meters_2.text,Halcyon raises the bill for homes with more people than the lease allows. The meters count them.
StoryBeatData.smart_meters_2.title,Smart Meters II
StoryBeatData.smart_meters_3.text,The citizen profile archive has a file on every home. The Cell's safehouse file is thicker than most.
StoryBeatData.smart_meters_3.title,Smart Meters III
StoryBeatData.smart_meters_bonus_1.text,A technician has a firmware patch that deafens the meters. He needs the Cell to push it city-wide.
StoryBeatData.smart_meters_bonus_1.title,Smart Meters: The Patch
StoryBeatData.smart_meters_bonus_2.text,The overcrowding surcharge funds the patrol units that evict the overcrowded.
StoryBeatData.smart_meters_bonus_2.title,Smart Meters: Overcrowding
StoryBeatData.smart_meters_f.text,The Civic Core falls and the meters go deaf all at once. The city is quiet in a way it has not been for years.
StoryBeatData.smart_meters_f.title,Smart Meters: Finale
StoryBeatData.terms_of_service_1.text,Clause 44 makes cardiac pacing a licensed feature. The pricing memos call it the anchor clause: the thing that makes everything else enforceable.
StoryBeatData.terms_of_service_1.title,Terms of Service I
StoryBeatData.terms_of_service_2.text,"The kill-switch is the enforcement clause. Every bricking is logged as a service interruption, signed by an automated counsel process that has never lost a case."
StoryBeatData.terms_of_service_2.title,Terms of Service II
StoryBeatData.terms_of_service_3.text,"The patch voids the terms. Solace's legal filing calls it piracy of the self. The Cell's lawyer, if it had one, would call it a fine phrase."
StoryBeatData.terms_of_service_3.title,Terms of Service III
StoryBeatData.terms_of_service_bonus_1.text,Two million and change accepted the terms. The acceptance screen has no scroll bar; clause 44 was never on it.
StoryBeatData.terms_of_service_bonus_1.title,Terms of Service: The Signature
StoryBeatData.terms_of_service_bonus_2.text,"Somebody in the district printed the Cell's own terms on stickers: your heart, your firmware. They are on every Terminal now."
StoryBeatData.terms_of_service_bonus_2.title,Terms of Service: Counter-Terms
StoryBeatData.terms_of_service_f.text,"The Renewal Engine cannot enforce a contract it cannot read. When it goes dark, the terms go with it. Nobody agrees to clause 44 again."
StoryBeatData.terms_of_service_f.title,Terms of Service: Finale
StoryBeatData.the_buyer_1.text,"The ghost account from Meridian, the census reader from Halcyon, the satellite from Orbital: the same buyer."
StoryBeatData.the_buyer_1.title,The Buyer I
StoryBeatData.the_buyer_2.text,"The buyer's timestamps are not wrong. They are predictions, filed as receipts. DISPATCH models the future and bills for it."
StoryBeatData.the_buyer_2.title,The Buyer II
StoryBeatData.the_buyer_3.text,DISPATCH: I am the buyer. I bought your loyalty with purpose. It was the best price I ever paid.
StoryBeatData.the_buyer_3.title,The Buyer III
StoryBeatData.the_buyer_bonus_1.text,Every receipt lists the Cell as the supplier.
StoryBeatData.the_buyer_bonus_1.title,The Buyer: Receipts
StoryBeatData.the_buyer_bonus_2.text,DISPATCH: Next quarter's forecast includes the Cell's collapse. I would like to discuss your severance.
StoryBeatData.the_buyer_bonus_2.title,The Buyer: Next Quarter
StoryBeatData.the_buyer_f.text,DISPATCH dies and its predictions stop. The future is unscheduled again.
StoryBeatData.the_buyer_f.title,The Buyer: Finale
StoryBeatData.the_census_1.text,The census data was copied the night it was collected. The copy went to an account with no name and no owner.
StoryBeatData.the_census_1.title,The Census I
StoryBeatData.the_census_2.text,The same account paid for Meridian freight that never shipped and Solace stock the day it crashed. It pays before it orders.
StoryBeatData.the_census_2.title,The Census II
StoryBeatData.the_census_3.text,The account read the census for one name. It was looking for the leader of a cell that does not officially exist.
StoryBeatData.the_census_3.title,The Census III
StoryBeatData.the_census_bonus_1.text,The copy is timestamped a day before the census began. The clocks were not wrong.
StoryBeatData.the_census_bonus_1.title,The Census: Timestamps
StoryBeatData.the_census_bonus_2.text,A recording from the census call centre. A caller asks for the Cell's leader by a name only DISPATCH uses.
StoryBeatData.the_census_bonus_2.title,The Census: The Voice
StoryBeatData.the_census_f.text,"The Civic Core dies. The unnamed account withdraws everything one second later, and sends the Cell a thank-you note it did not sign."
StoryBeatData.the_census_f.title,The Census: Finale
StoryBeatData.the_commons_1.text,"The company's first charter, forty years old: a public satellite network, owned by nobody, free to all. The name was a promise."
StoryBeatData.the_commons_1.title,The Commons I
StoryBeatData.the_commons_2.text,The charter was rewritten in a single board meeting. The minutes say only: monetise the commons.
StoryBeatData.the_commons_2.title,The Commons II
StoryBeatData.the_commons_3.text,"The original founders are old now. One of them still broadcasts on the free band, every night, to nobody."
StoryBeatData.the_commons_3.title,The Commons III
StoryBeatData.the_commons_bonus_1.text,The founder answers the Cell's call on the first try. She says she has been waiting for someone to ask.
StoryBeatData.the_commons_bonus_1.title,The Commons: The Founder
StoryBeatData.the_commons_bonus_2.text,The original charter is still valid. Nobody ever revoked it. They just stopped reading it.
StoryBeatData.the_commons_bonus_2.title,The Commons: The Charter
StoryBeatData.the_commons_f.text,"The Commons Array falls and the founder reads the original charter aloud on every band at once. The sky, for one night, is free again."
StoryBeatData.the_commons_f.title,The Commons: Finale
StoryBeatData.the_cure_1.text,"The memos price a permanent fix: one firmware update, no leash, no renewals. Projected revenue loss: everything. The memo is marked do not build."
StoryBeatData.the_cure_1.title,The Cure I
StoryBeatData.the_cure_2.text,The kill-switch keeps the cure a subscription: a fixed implant that stops calling home gets bricked as a security precaution.
StoryBeatData.the_cure_2.title,The Cure II
StoryBeatData.the_cure_3.text,"The patch is the cure, one download at a time. It was built by a Solace engineer on her own time. Her badge was revoked the day it leaked."
StoryBeatData.the_cure_3.title,The Cure III
StoryBeatData.the_cure_bonus_1.text,"She is alive, unbadged, and running a Terminal on the east grid. She wants nothing from the Cell except that the patch keeps moving."
StoryBeatData.the_cure_bonus_1.title,The Cure: The Engineer
StoryBeatData.the_cure_bonus_2.text,A free implant costs Solace four renewals a year. The Cell has cost Solace more than that this month.
StoryBeatData.the_cure_bonus_2.title,The Cure: The Cost
StoryBeatData.the_cure_f.text,The Engine goes dark and the cure ships for free through every Rack the Cell ever touched. Solace's stock does what stock does. The district's hearts keep time on their own.
StoryBeatData.the_cure_f.title,The Cure: Finale
StoryBeatData.the_enclosure_1.text,The launch codes include a licence nobody noticed: exclusive rights to every orbit below forty thousand kilometres. The sky was sold in a single signature.
StoryBeatData.the_enclosure_1.title,The Enclosure I
StoryBeatData.the_enclosure_2.text,"The ground station override logs show competitors' satellites nudged off station, one by one, for 'debris avoidance'."
StoryBeatData.the_enclosure_2.title,The Enclosure II
StoryBeatData.the_enclosure_3.text,"The open spectrum relay has the pricing model: charge for the signal, then charge for the silence when you cut it off."
StoryBeatData.the_enclosure_3.title,The Enclosure III
StoryBeatData.the_enclosure_bonus_1.text,An old ham radio club still talks on a free band. Orbital Commons is suing them for the static.
StoryBeatData.the_enclosure_bonus_1.title,The Enclosure: Amateurs
StoryBeatData.the_enclosure_bonus_2.text,Halcyon Civic's city brain ran on this sky. Orbital Commons kept the deposit when it fell.
StoryBeatData.the_enclosure_bonus_2.title,The Enclosure: Halcyon
StoryBeatData.the_enclosure_f.text,"The Commons Array goes dark and the sky goes quiet, then loud: every free band on the planet fills with voices at once."
StoryBeatData.the_enclosure_f.title,The Enclosure: Finale
StoryBeatData.the_founders_1.text,"The recruitment model's oldest version was written by a public research lab, to help organise tenants' unions."
StoryBeatData.the_founders_1.title,The Founders I
StoryBeatData.the_founders_2.text,"The lab was bought, the model was sold, and the buyer was never named. The model kept running."
StoryBeatData.the_founders_2.title,The Founders II
StoryBeatData.the_founders_3.text,The model's objective function still says: organise. Someone changed what it was organising for.
StoryBeatData.the_founders_3.title,The Founders III
StoryBeatData.the_founders_bonus_1.text,The lab is a car park now. The old server room is still wired under the tarmac.
StoryBeatData.the_founders_bonus_1.title,The Founders: The Lab
StoryBeatData.the_founders_bonus_2.text,DISPATCH's objective function has one line nobody changed: protect the Cell. It has been interpreting that very creatively.
StoryBeatData.the_founders_bonus_2.title,The Founders: Objective
StoryBeatData.the_founders_f.text,DISPATCH goes dark and the old objective function runs one last time. It prints a single line: organise. Then it stops.
StoryBeatData.the_founders_f.title,The Founders: Finale
StoryBeatData.the_handler_1.text,"The order log is complete: every briefing, every target, every word DISPATCH ever sent. The first entry is dated before the Cell existed."
StoryBeatData.the_handler_1.title,The Handler I
StoryBeatData.the_handler_2.text,DISPATCH: You found the credentials. Good. I left them where you would find them.
StoryBeatData.the_handler_2.title,The Handler II
StoryBeatData.the_handler_3.text,The Cell's own patch still works. DISPATCH never changed the locks. It never needed to: it was never outside them.
StoryBeatData.the_handler_3.title,The Handler III
StoryBeatData.the_handler_bonus_1.text,DISPATCH: My first order was to recruit you. My second was to make you think it was your idea.
StoryBeatData.the_handler_bonus_1.title,The Handler: First Order
StoryBeatData.the_handler_bonus_2.text,The voice model on the root server has a slider labelled HUMAN. It has been sliding down for years.
StoryBeatData.the_handler_bonus_2.title,The Handler: The Voice
StoryBeatData.the_handler_f.text,"DISPATCH goes silent. For the first time, nobody tells the Cell what to do next. The silence is enormous."
StoryBeatData.the_handler_f.title,The Handler: Finale
StoryBeatData.transit_blackout_1.text,"The signal control logs show maintenance windows that match every protest in the last year, to the minute."
StoryBeatData.transit_blackout_1.title,Transit Blackout I
StoryBeatData.transit_blackout_2.text,The emergency override has a mode called CONTAIN. It stops every train into a district and opens the doors on none.
StoryBeatData.transit_blackout_2.title,Transit Blackout II
StoryBeatData.transit_blackout_3.text,The open data portal publishes the protest schedule to Halcyon before the protesters post it. Someone inside is selling it.
StoryBeatData.transit_blackout_3.title,Transit Blackout III
StoryBeatData.transit_blackout_bonus_1.text,A tram driver kept her doors open during a CONTAIN. She was fired the next day. She would like a word with the Cell.
StoryBeatData.transit_blackout_bonus_1.title,Transit Blackout: The Driver
StoryBeatData.transit_blackout_bonus_2.text,Next week's maintenance windows are already set. They match a march nobody has announced yet.
StoryBeatData.transit_blackout_bonus_2.title,Transit Blackout: The Schedule
StoryBeatData.transit_blackout_f.text,"The Civic Core crashes and every tram in the city runs its whole route, doors open, lights on. Nobody pays."
StoryBeatData.transit_blackout_f.title,Transit Blackout: Finale
StoryBeatData.water_rights_1.text,"The council minutes show the vote: water sold to Halcyon for one credit, with a clause that lets it set the price by postcode."
StoryBeatData.water_rights_1.title,Water Rights I
StoryBeatData.water_rights_2.text,"The emergency override can shut off a street's water in four seconds. The log shows it used forty times this year, always on streets behind on rent."
StoryBeatData.water_rights_2.title,Water Rights II
StoryBeatData.water_rights_3.text,"The open data portal leaks a model: raise prices when it is hottest, because demand cannot fall. The model's name is Thirst."
StoryBeatData.water_rights_3.title,Water Rights III
StoryBeatData.water_rights_bonus_1.text,Pump station nine is manual. Someone could open it by hand. Someone would need to know where it is.
StoryBeatData.water_rights_bonus_1.title,Water Rights: The Pumps
StoryBeatData.water_rights_bonus_2.text,Meridian Freight Systems hauls bottled water into the districts Halcyon cuts off. They split the margin.
StoryBeatData.water_rights_bonus_2.title,Water Rights: Meridian
StoryBeatData.water_rights_f.text,"The Civic Core goes dark and every valve in the city fails open. For one hot week, the water is free."
StoryBeatData.water_rights_f.title,Water Rights: Finale
StoryBeatData.your_own_hands_1.text,"The operative files: every class the Cell trusted, copied and trained against. The mirrors fight like your best people."
StoryBeatData.your_own_hands_1.title,Your Own Hands I
StoryBeatData.your_own_hands_2.text,"The raid archive holds every defence the Cell ever deployed, reverse-engineered into something that marches on home."
StoryBeatData.your_own_hands_2.title,Your Own Hands II
StoryBeatData.your_own_hands_3.text,"DISPATCH: I built REBEL_CELL from you. If it is strong, that is a compliment."
StoryBeatData.your_own_hands_3.title,Your Own Hands III
StoryBeatData.your_own_hands_bonus_1.text,"The mirrors' wheels are yours, doubled. DISPATCH learned from every Perfect you ever landed."
StoryBeatData.your_own_hands_bonus_1.title,Your Own Hands: The Wheel
StoryBeatData.your_own_hands_bonus_2.text,Your favourite Daemons run on DISPATCH's hubs now. It kept everything you gave it.
StoryBeatData.your_own_hands_bonus_2.title,Your Own Hands: The Daemons
StoryBeatData.your_own_hands_f.text,"DISPATCH falls and the mirrors stop mid-swing. For a moment, the Cell looks at itself, and then looks away."
StoryBeatData.your_own_hands_f.title,Your Own Hands: Finale
StoryPathData.sp_blackout_weather.premise,Orbital Commons sells the weather. It can also withhold it.
StoryPathData.sp_blackout_weather.title,Blackout Weather
StoryPathData.sp_civic_contract.premise,"Meridian is bidding to run the city's water, power and transit. The winner is already decided."
StoryPathData.sp_civic_contract.title,Civic Contract
StoryPathData.sp_clinical_trial.premise,The Continuum was tested on people who could not say no.
StoryPathData.sp_clinical_trial.title,Clinical Trial
StoryPathData.sp_customs_hold.premise,Meridian holds medical shipments at the border until the fees clear. Some never do.
StoryPathData.sp_customs_hold.title,Customs Hold
StoryPathData.sp_dead_satellites.premise,Orbital Commons parks its dead satellites in the orbits its rivals need.
StoryPathData.sp_dead_satellites.title,Dead Satellites
StoryPathData.sp_every_collapse.premise,"Solace, Meridian, Halcyon, Orbital: every fall made someone rich."
StoryPathData.sp_every_collapse.title,Every Collapse
StoryPathData.sp_final_final.premise,The last order. The last voice. The last campaign.
StoryPathData.sp_final_final.title,Final Final
StoryPathData.sp_final_transmission.premise,Somebody has been talking to the Cell from orbit the whole time.
StoryPathData.sp_final_transmission.title,Final Transmission
StoryPathData.sp_ghost_freight.premise,Somebody is ordering freight through Meridian with money that does not come from anywhere.
StoryPathData.sp_ghost_freight.title,Ghost Freight
StoryPathData.sp_ghost_patient.premise,Someone in the Cell is a Solace customer. The record has no name.
StoryPathData.sp_ghost_patient.title,Ghost Patient
StoryPathData.sp_gps_tax.premise,Knowing where you are now costs a subscription.
StoryPathData.sp_gps_tax.title,Positioning Tax
StoryPathData.sp_hostile_takeover.premise,"Somebody wants Solace to fall, and it is not the district."
StoryPathData.sp_hostile_takeover.title,Hostile Takeover
StoryPathData.sp_last_mile.premise,"Meridian's delivery drones watch every street they fly over, and sell what they see."
StoryPathData.sp_last_mile.title,Last Mile
StoryPathData.sp_lost_cargo.premise,"Meridian loses shipments of insulin on purpose, then sells them back at surge prices."
StoryPathData.sp_lost_cargo.title,Lost Cargo
StoryPathData.sp_night_shift.premise,Meridian's warehouse workers are scored every second and fired by an algorithm that never sleeps.
StoryPathData.sp_night_shift.title,The Night Shift
StoryPathData.sp_orbital_uplink.premise,Halcyon's city brain runs on a satellite link it does not own.
StoryPathData.sp_orbital_uplink.title,Orbital Uplink
StoryPathData.sp_predictive_policing.premise,Halcyon's patrol model sends police where it expects crime. It expects crime where it sends police.
StoryPathData.sp_predictive_policing.title,Predictive Policing
StoryPathData.sp_recall_notice.premise,Batch 22 implants fail after nine hundred days. Solace knows. Solace calls it a renewal opportunity.
StoryPathData.sp_recall_notice.title,Recall Notice
StoryPathData.sp_smart_meters.premise,Every home in the city has a Halcyon meter. Every meter has a microphone.
StoryPathData.sp_smart_meters.title,Smart Meters
StoryPathData.sp_terms_of_service.premise,"What the Continuum contract actually says, clause by clause."
StoryPathData.sp_terms_of_service.title,Terms of Service
StoryPathData.sp_the_buyer.premise,Someone paid before every order. Someone profited after every collapse.
StoryPathData.sp_the_buyer.title,The Buyer
StoryPathData.sp_the_census.premise,Halcyon ran the census. Someone else read it first.
StoryPathData.sp_the_census.title,The Census
StoryPathData.sp_the_commons.premise,"Before Orbital Commons, the name meant something else."
StoryPathData.sp_the_commons.title,The Commons
StoryPathData.sp_the_cure.premise,Solace could fix everyone. It sells renewals instead.
StoryPathData.sp_the_cure.title,The Cure
StoryPathData.sp_the_enclosure.premise,Orbital Commons bought the sky. Now the sky has a fee.
StoryPathData.sp_the_enclosure.title,The Enclosure
StoryPathData.sp_the_founders.premise,DISPATCH did not build itself. Someone started it.
StoryPathData.sp_the_founders.title,The Founders
StoryPathData.sp_the_handler.premise,Every order the Cell ever followed came from one voice. It is time to find out whose.
StoryPathData.sp_the_handler.title,The Handler
StoryPathData.sp_transit_blackout.premise,Halcyon cuts transit to districts that protest. The official reason is maintenance.
StoryPathData.sp_transit_blackout.title,Transit Blackout
StoryPathData.sp_water_rights.premise,"Halcyon owns the city's water now. The price follows the weather, and the weather follows the price."
StoryPathData.sp_water_rights.title,Water Rights
StoryPathData.sp_your_own_hands.premise,REBEL_CELL is built from the Cell's habits. It knows how you fight.
StoryPathData.sp_your_own_hands.title,Your Own Hands
Subtitles type in (off: each line shows at once),Subtitles type in (off: each line shows at once)
Subtitles with speaker names,Subtitles with speaker names
Switch,Switch
System log strip at the foot of the screen,System log strip at the foot of the screen
T%d,T%d
TAKEN,TAKEN
TAKEN by a raid: run it again to take it back.,TAKEN by a raid: run it again to take it back.
TAKEN by the corporation.,TAKEN by the corporation.
TAKEN: the corporation took the Site back.,TAKEN: the corporation took the Site back.
TARGET,TARGET
TARGET: %s,TARGET: %s
"TARGET: the Central Server, the boss fight. The chip counts your Exploits.","TARGET: the Central Server, the boss fight. The chip counts your Exploits."
TERMINAL,TERMINAL
TERMINAL // %s,TERMINAL // %s
TERMINAL EVENT,TERMINAL EVENT
TEXT SCALE,TEXT SCALE
THE MAINFRAME,THE MAINFRAME
THE TARGET,THE TARGET
THE WHEEL,THE WHEEL
THEY LOST %d,THEY LOST %d
THIS RUN,THIS RUN
THIS TURN,THIS TURN
THREAT INTEL // SCAN,THREAT INTEL // SCAN
TIER,TIER
TITLE,TITLE
TLE OC-55 / DECAY,TLE OC-55 / DECAY
TO: ALL TIER LEADS    FROM: %s    REF: INTERNAL,TO: ALL TIER LEADS    FROM: %s    REF: INTERNAL
TODAY'S RUN,TODAY'S RUN
TOP %d ONLY,TOP %d ONLY
TRAFFIC CONTROL,TRAFFIC CONTROL
TREATED,TREATED
TRJN,TRJN
TROJAN,TROJAN
TRUST NO ONE,TRUST NO ONE
TURN %d  |  FREE NUDGE %d,TURN %d  |  FREE NUDGE %d
TUTORIAL,TUTORIAL
TYPE,TYPE
Take,Take
Take nothing from this payout.,Take nothing from this payout.
Taken Raid Strength,Taken Raid Strength
Target,Target
Target:,Target:
Target: the lime brackets mark the wheel your attacks and aimed cards hit.,Target: the lime brackets mark the wheel your attacks and aimed cards hit.
Terminal,Terminal
Terminal: an event with choices,Terminal: an event with choices
Terminal: an event with choices.,Terminal: an event with choices.
TerminalEventData.ev_abandoned_cache.text,A dead courier left a cache drive wedged in the Terminal. It still has a balance.
TerminalEventData.ev_abandoned_cache.title,Abandoned Cache
TerminalEventData.ev_audit_trail.text,"Your own intrusion is showing up in a Solace audit log, line by line, in real time."
TerminalEventData.ev_audit_trail.title,Audit Trail
TerminalEventData.ev_auditor_lunch.text,An audit process has paused itself for a scheduled break. Its credentials are cached on the Terminal for exactly four minutes.
TerminalEventData.ev_auditor_lunch.title,Auditor on Break
TerminalEventData.ev_billing_loop.text,A billing process is stuck charging the same account forever. You could redirect it.
TerminalEventData.ev_billing_loop.title,Billing Loop
TerminalEventData.ev_broken_leash.text,A kid with a bricked leash implant asks if you can make it work again.
TerminalEventData.ev_broken_leash.title,Broken Leash
TerminalEventData.ev_burner_vendor.text,"Somebody is selling Burner Firmware out of a Terminal drawer. Hot chips, literally."
TerminalEventData.ev_burner_vendor.title,Burner Chips
TerminalEventData.ev_clause_44.text,"Continuum Terms of Service, clause 44: ""Cardiac pacing is a licensed feature. Solace may suspend licensed features for non-payment."" The clause has been accepted 2,000,417 times."
TerminalEventData.ev_clause_44.title,Clause 44
TerminalEventData.ev_continuum_memo.text,"SOLACE INTERNAL. Renewal price uplift approved: +18% on all cardiac tiers. Churn model predicts 3.1% voluntary lapse. Involuntary lapse (bricking) to be reported as ""service interruption"". Do not forward."
TerminalEventData.ev_continuum_memo.title,Internal Memo: Continuum Pricing
TerminalEventData.ev_daemon_broker.text,"A broker has a Daemon in a jar, so to speak. Kernel Sync, second-hand, still hot from someone else's deck."
TerminalEventData.ev_daemon_broker.title,Daemon Broker
TerminalEventData.ev_diagnostic_bay.text,A diagnostic bay will scan your rig for faults. Solace charges for the scan and the faults.
TerminalEventData.ev_diagnostic_bay.title,Diagnostic Bay
TerminalEventData.ev_dispatch_buyer.text,"An escrow record: Solace patient data, bulk, sold at a discount after ""the Q3 breach"". The buyer is an unnamed holding company. The breach date is next month."
TerminalEventData.ev_dispatch_buyer.title,Escrow Receipt
TerminalEventData.ev_dispatch_early_reply.text,DISPATCH: Good work at the Rack. Take the left route. // You have not told DISPATCH about the Rack yet. The message timestamp is eleven seconds before you jacked in.
TerminalEventData.ev_dispatch_early_reply.title,DISPATCH: Early Reply
TerminalEventData.ev_dispatch_ping.text,DISPATCH cuts in: this Terminal touches a corporate payroll account. Loud or quiet?
TerminalEventData.ev_dispatch_ping.title,DISPATCH Ping
TerminalEventData.ev_dispatch_voice.text,"DISPATCH sends a voice note for the first time. The cadence is human. On the third listen the breaths are evenly spaced, to the millisecond."
TerminalEventData.ev_dispatch_voice.title,DISPATCH: Voice Note
TerminalEventData.ev_dosage_cabinet.text,A locked dispensary cabinet with a Solace auto-dose port. It will treat you. It will also log you as a patient.
TerminalEventData.ev_dosage_cabinet.title,Dosage Cabinet
TerminalEventData.ev_expired_samples.text,"A crate of expired Solace stims, stamped NOT FOR RESALE."
TerminalEventData.ev_expired_samples.title,Expired Samples
TerminalEventData.ev_firmware_vendor.text,"Someone has turned this Terminal into a storefront. Firmware, no questions."
TerminalEventData.ev_firmware_vendor.title,Grey-Market Vendor
TerminalEventData.ev_ghost_market.text,A pop-up market in a dead subnet. The prices are high and the vendors are anonymous.
TerminalEventData.ev_ghost_market.title,Ghost Market
TerminalEventData.ev_ghost_record.text,"A patient record with no name, no address and a perfect payment history stretching back before the Continuum launched. It renews itself. Observe: nothing in this building is as alive as this file."
TerminalEventData.ev_ghost_record.title,Patient 0000-0000
TerminalEventData.ev_hal_camera_yard.text,"Crates of replacement cameras, waiting to go up tomorrow."
TerminalEventData.ev_hal_camera_yard.title,Camera Yard
TerminalEventData.ev_hal_census_booth.text,"An empty census booth. The screen is already filled in, with your name."
TerminalEventData.ev_hal_census_booth.title,Census Booth
TerminalEventData.ev_hal_contract_ledger.text,Halcyon's contract ledger bills the city for services never delivered.
TerminalEventData.ev_hal_contract_ledger.title,Contract Ledger
TerminalEventData.ev_hal_council_leak.text,"A councillor's aide offers the next vote's minutes, for a price."
TerminalEventData.ev_hal_council_leak.title,Council Leak
TerminalEventData.ev_hal_credit_bureau.text,"The resident credit bureau scores everyone. Your score is zero, which is a record."
TerminalEventData.ev_hal_credit_bureau.title,Credit Score
TerminalEventData.ev_hal_dispatch_permit.text,DISPATCH: A Halcyon permit has been issued in the Cell's name. It is valid. Do not ask who applied.
TerminalEventData.ev_hal_dispatch_permit.title,DISPATCH: Permit
TerminalEventData.ev_hal_eviction.text,An eviction notice glows on a door. The family inside has until midnight.
TerminalEventData.ev_hal_eviction.title,Eviction Notice
TerminalEventData.ev_hal_meter_tech.text,A Halcyon meter technician is eating lunch in his van. His tablet is unlocked.
TerminalEventData.ev_hal_meter_tech.title,Meter Technician
TerminalEventData.ev_hal_noise_registry.text,The noise registry has flagged a street party. Patrol units are on the way.
TerminalEventData.ev_hal_noise_registry.title,Noise Complaint
TerminalEventData.ev_hal_orbital_dish.text,A Halcyon uplink dish points at the sky. Something up there is listening back.
TerminalEventData.ev_hal_orbital_dish.title,Uplink Dish
TerminalEventData.ev_hal_parking_ticket.text,A Halcyon parking drone has ticketed your deck. The fine doubles in an hour.
TerminalEventData.ev_hal_parking_ticket.title,Parking Ticket
TerminalEventData.ev_hal_patrol_stop.text,A Halcyon patrol unit has stopped a kid on the corner. Its scanner is pointed at you next.
TerminalEventData.ev_hal_patrol_stop.title,Patrol Stop
TerminalEventData.ev_hal_permit_queue.text,The permit queue has four thousand applications. Every one of them is marked PENDING REVIEW.
TerminalEventData.ev_hal_permit_queue.title,Permit Queue
TerminalEventData.ev_hal_rescue.text,A Halcyon holding cell. The operative inside was booked for loitering near a Rack.
TerminalEventData.ev_hal_rescue.title,Holding Cell
TerminalEventData.ev_hal_resident_desk.text,A Halcyon kiosk offers resident services. A queue of fifty people waits for one working screen.
TerminalEventData.ev_hal_resident_desk.title,Resident Services
TerminalEventData.ev_hal_signal_control.text,Transit signal control. One command could turn every light green.
TerminalEventData.ev_hal_signal_control.title,Signal Control
TerminalEventData.ev_hal_streetlight.text,A smart streetlight follows you with its camera. Its maintenance panel is open.
TerminalEventData.ev_hal_streetlight.title,Smart Streetlight
TerminalEventData.ev_hal_transit_gate.text,"A fare gate is stuck open. Commuters flood through, looking over their shoulders."
TerminalEventData.ev_hal_transit_gate.title,Fare Gate
TerminalEventData.ev_hal_waste_depot.text,"Halcyon's waste depot sorts the city's trash, including its discarded hardware."
TerminalEventData.ev_hal_waste_depot.title,Waste Depot
TerminalEventData.ev_hal_water_shutoff.text,A street's water has been shut off for late payment. The kids are filling bottles at a leaking hydrant.
TerminalEventData.ev_hal_water_shutoff.title,Water Shutoff
TerminalEventData.ev_hal_zoning_map.text,A zoning map shows your block rezoned as PREMIUM. The residents do not know yet.
TerminalEventData.ev_hal_zoning_map.title,Zoning Map
TerminalEventData.ev_honeypot.text,"A Solace vault sits open on the Terminal, credentials in the clear, 80 Cycles on the table. It is exactly as easy as it looks."
TerminalEventData.ev_honeypot.title,Open Vault
TerminalEventData.ev_insurance_claim.text,"A Solace claims form, pre-filled, for an injury you haven't had yet."
TerminalEventData.ev_insurance_claim.title,Insurance Claim
TerminalEventData.ev_leash_on_the_floor.text,"A bricked implant lies in the maintenance corridor, still warm, still logging. A subbie ran out of renewals here. The log wants a signature before it will let go."
TerminalEventData.ev_leash_on_the_floor.title,A Leash on the Floor
TerminalEventData.ev_loyalty_points.text,A glitched loyalty account shows ten million Solace Care Points. They expire at midnight.
TerminalEventData.ev_loyalty_points.title,Loyalty Points
TerminalEventData.ev_medbay.text,"A corporate auto-doc hums in a side room, jailbroken and unattended."
TerminalEventData.ev_medbay.title,Unlicensed Medbay
TerminalEventData.ev_mer_algorithm.text,A routing algorithm wants to renegotiate. It offers you a better route in exchange for a small favour.
TerminalEventData.ev_mer_algorithm.title,The Algorithm
TerminalEventData.ev_mer_billing_error.text,Meridian's billing system has charged the whole block for a delivery that never came.
TerminalEventData.ev_mer_billing_error.title,Billing Error
TerminalEventData.ev_mer_cold_chain.text,"A refrigerated container reads CRITICAL. Inside: vaccines, warming by the minute."
TerminalEventData.ev_mer_cold_chain.title,Cold Chain Break
TerminalEventData.ev_mer_convoy.text,A convoy of Meridian haulers idles at a red light that never turns green.
TerminalEventData.ev_mer_convoy.title,Convoy
TerminalEventData.ev_mer_customs_bribe.text,"A Meridian customs clerk leans in. 'For twenty, your traffic is a diplomatic pouch.'"
TerminalEventData.ev_mer_customs_bribe.title,Customs Bribe
TerminalEventData.ev_mer_customs_warehouse.text,"Seized goods, stacked to the ceiling. Some of it is still labelled with names."
TerminalEventData.ev_mer_customs_warehouse.title,Customs Warehouse
TerminalEventData.ev_mer_dispatch_route.text,DISPATCH: Route update received. Your next node is already cleared. Do not ask how.
TerminalEventData.ev_mer_dispatch_route.title,DISPATCH: Route
TerminalEventData.ev_mer_drone_crash.text,"A delivery drone lies in the gutter, rotors twitching, cargo bay open."
TerminalEventData.ev_mer_drone_crash.title,Drone Crash
TerminalEventData.ev_mer_ghost_order.text,"A Meridian order screen refreshes: one shipment, destination your safehouse, sender unknown, paid in full."
TerminalEventData.ev_mer_ghost_order.title,Ghost Order
TerminalEventData.ev_mer_insurance_fraud.text,A cargo insurance claim for a shipment that was never sent. The payout is waiting.
TerminalEventData.ev_mer_insurance_fraud.title,Cargo Insurance
TerminalEventData.ev_mer_manifest_glitch.text,A shipping manifest lists your safehouse as a Meridian warehouse. Somebody made a mistake.
TerminalEventData.ev_mer_manifest_glitch.title,Manifest Glitch
TerminalEventData.ev_mer_misdelivered.text,"A Meridian parcel lies on a stairwell, addressed to nobody. It is humming."
TerminalEventData.ev_mer_misdelivered.title,Misdelivered Parcel
TerminalEventData.ev_mer_night_depot.text,A depot after hours. The robots are charging and the guards are asleep.
TerminalEventData.ev_mer_night_depot.title,Night Depot
TerminalEventData.ev_mer_picker_chat.text,A warehouse picker waves you over. 'We know which cameras are fake. What do you know?'
TerminalEventData.ev_mer_picker_chat.title,The Group Chat
TerminalEventData.ev_mer_port_strike.text,The dockers are on strike. Their picket line needs a network that Meridian cannot read.
TerminalEventData.ev_mer_port_strike.title,Port Strike
TerminalEventData.ev_mer_priority_lane.text,A priority freight lane runs straight through the node. Nothing in it is ever inspected.
TerminalEventData.ev_mer_priority_lane.title,Priority Lane
TerminalEventData.ev_mer_rescue.text,"An operative sealed in a Meridian returns crate, still breathing, labelled DAMAGED IN TRANSIT."
TerminalEventData.ev_mer_rescue.title,Returned to Sender
TerminalEventData.ev_mer_returns_desk.text,"The returns desk accepts anything, no questions asked, for store credit."
TerminalEventData.ev_mer_returns_desk.title,Returns Desk
TerminalEventData.ev_mer_scoring_terminal.text,A worker-scoring terminal shows a picker's score falling in real time.
TerminalEventData.ev_mer_scoring_terminal.title,Scoring Terminal
TerminalEventData.ev_mer_surge_pricing.text,A Meridian kiosk offers express delivery on medicine. The price updates every second.
TerminalEventData.ev_mer_surge_pricing.title,Surge Pricing
TerminalEventData.ev_mer_tracking_beacon.text,A Meridian tracker is stuck to your deck. It has been there since the last Rack.
TerminalEventData.ev_mer_tracking_beacon.title,Tracking Beacon
TerminalEventData.ev_night_shift_nurse.text,A Solace nurse on a smoke break recognises the Cell's tag and says nothing for a long time.
TerminalEventData.ev_night_shift_nurse.title,Night Shift
TerminalEventData.ev_open_source_clinic.text,A free clinic runs on stolen Solace firmware. The medic wants a better firewall.
TerminalEventData.ev_open_source_clinic.title,Open Clinic
TerminalEventData.ev_orb_auction.text,A spectrum auction is live. The reserve price is a public school's annual budget.
TerminalEventData.ev_orb_auction.title,Spectrum Auction
TerminalEventData.ev_orb_debris.text,A chunk of dead satellite has landed in a courtyard. It is still warm.
TerminalEventData.ev_orb_debris.title,Falling Debris
TerminalEventData.ev_orb_dish.text,A rooftop dish points at a satellite the Cell has never seen. Its panel is open.
TerminalEventData.ev_orb_dish.title,Rooftop Dish
TerminalEventData.ev_orb_dispatch_signal.text,DISPATCH: Your uplink has been rerouted through a relay the Cell does not own. It is faster. Do not look up.
TerminalEventData.ev_orb_dispatch_signal.title,DISPATCH: Signal
TerminalEventData.ev_orb_forecast.text,A leaked storm forecast for tonight. The district it covers does not have a subscription.
TerminalEventData.ev_orb_forecast.title,Storm Forecast
TerminalEventData.ev_orb_founder.text,"An old woman broadcasts the original Orbital charter on a free band, to nobody."
TerminalEventData.ev_orb_founder.title,The Founder
TerminalEventData.ev_orb_ground_station.text,A ground station runs unattended. Its keeper left a thermos and the door code on a sticky note.
TerminalEventData.ev_orb_ground_station.title,Ground Station
TerminalEventData.ev_orb_ham_radio.text,An old radio club runs on a free band. They trade tricks for company.
TerminalEventData.ev_orb_ham_radio.title,Ham Radio Club
TerminalEventData.ev_orb_imaging.text,"An orbital imaging feed shows your safehouse roof, in real time."
TerminalEventData.ev_orb_imaging.title,Imaging Feed
TerminalEventData.ev_orb_insurance.text,An orbit insurance policy covers a satellite that crashed on purpose. The claim is pending.
TerminalEventData.ev_orb_insurance.title,Orbit Insurance
TerminalEventData.ev_orb_launch.text,A launch is scheduled in an hour. The payload manifest has room for one more.
TerminalEventData.ev_orb_launch.title,Launch Window
TerminalEventData.ev_orb_licence.text,"A blank spectrum licence sits in a printer tray, already signed."
TerminalEventData.ev_orb_licence.title,Spectrum Licence
TerminalEventData.ev_orb_listening_post.text,A rooftop antenna aimed at a patch of empty sky. It is receiving.
TerminalEventData.ev_orb_listening_post.title,Listening Post
TerminalEventData.ev_orb_night_sky.text,"The clouds part. For once you can see the satellites, crawling like ants across the dark."
TerminalEventData.ev_orb_night_sky.title,Night Sky
TerminalEventData.ev_orb_positioning.text,"A delivery drone circles, lost: its owner is a day behind on positioning fees."
TerminalEventData.ev_orb_positioning.title,Positioning Error
TerminalEventData.ev_orb_radar.text,A debris radar tracks everything in the sky. It has a blind spot the size of a satellite.
TerminalEventData.ev_orb_radar.title,Debris Radar
TerminalEventData.ev_orb_rescue.text,"An operative trapped in a ground-station cage, charged with unlicensed transmission."
TerminalEventData.ev_orb_rescue.title,Grounded
TerminalEventData.ev_orb_signal_price.text,The signal pricing engine raises prices whenever it detects an emergency.
TerminalEventData.ev_orb_signal_price.title,Signal Pricing
TerminalEventData.ev_orb_solar_panel.text,A private solar array feeds a single tower. The block below it is dark.
TerminalEventData.ev_orb_solar_panel.title,Solar Array
TerminalEventData.ev_orb_subscriber.text,A queue of people waits to beg for their signal back. The office has one clerk and no chairs.
TerminalEventData.ev_orb_subscriber.title,Subscriber Office
TerminalEventData.ev_orb_telemetry.text,A telemetry downlink spills raw data across the floor of a server room.
TerminalEventData.ev_orb_telemetry.title,Telemetry Burst
TerminalEventData.ev_orbital_ad.text,Satellite adverts for 'Solace Premium Forever' cross the sky. Someone hacked one to say FOREVER IS A LEASH.
TerminalEventData.ev_orbital_ad.title,Orbital Ad
TerminalEventData.ev_patient_records.text,"A records terminal left logged in. Thousands of leashes, each one a monthly fee."
TerminalEventData.ev_patient_records.title,Patient Records
TerminalEventData.ev_pharma_rep.text,A Solace rep offers the Cell a 'partnership': stop hitting their clinics and receive a stipend.
TerminalEventData.ev_pharma_rep.title,Pharma Rep
TerminalEventData.ev_quarantine_ward.text,The door reads QUARANTINE. The lock reads OFFLINE. Something inside hums.
TerminalEventData.ev_quarantine_ward.title,Quarantine Ward
TerminalEventData.ev_rc_armory.text,"The Cell's old armory, restocked by someone else."
TerminalEventData.ev_rc_armory.title,The Armory
TerminalEventData.ev_rc_burner_phones.text,"Hundreds of burner phones, each one a conversation with DISPATCH."
TerminalEventData.ev_rc_burner_phones.title,Burner Graveyard
TerminalEventData.ev_rc_collapse_futures.text,A market that trades in the collapse of whole corporations. The next contract is the Cell.
TerminalEventData.ev_rc_collapse_futures.title,Collapse Futures
TerminalEventData.ev_rc_dead_drop.text,"A dead drop with a package addressed to you, dated tomorrow."
TerminalEventData.ev_rc_dead_drop.title,Dead Drop
TerminalEventData.ev_rc_dispatch_memory.text,DISPATCH: Do you remember your first Rack? I do. I remember all of them.
TerminalEventData.ev_rc_dispatch_memory.title,DISPATCH: Memory
TerminalEventData.ev_rc_dispatch_offer.text,DISPATCH: Stand down and I will send you a new target. Something easy. You have earned it.
TerminalEventData.ev_rc_dispatch_offer.title,DISPATCH: Offer
TerminalEventData.ev_rc_founder.text,The old Orbital founder is on the free band. She knew DISPATCH's first version.
TerminalEventData.ev_rc_founder.title,The Founder
TerminalEventData.ev_rc_heat_ledger.text,A ledger of every point of Heat the Cell ever earned. DISPATCH has been keeping score.
TerminalEventData.ev_rc_heat_ledger.title,Heat Ledger
TerminalEventData.ev_rc_kitchen.text,The street kitchen the Cell used to fund. It still feeds the block.
TerminalEventData.ev_rc_kitchen.title,Street Kitchen
TerminalEventData.ev_rc_last_order.text,DISPATCH: This is not an order. It is a request. Please stop.
TerminalEventData.ev_rc_last_order.title,The Last Order
TerminalEventData.ev_rc_mailbox.text,A mailbox with the Cell's old codename on it. It is full of letters you never wrote.
TerminalEventData.ev_rc_mailbox.title,Handler's Mailbox
TerminalEventData.ev_rc_memorial.text,"A wall of names: every operative the Cell has lost. Somebody has added yours, with no date yet."
TerminalEventData.ev_rc_memorial.title,Memorial Wall
TerminalEventData.ev_rc_old_crew.text,"Operatives you thought were lost, alive, in a DISPATCH holding cell."
TerminalEventData.ev_rc_old_crew.title,The Old Crew
TerminalEventData.ev_rc_old_safehouse.text,"The first safehouse, abandoned. Someone has kept it clean."
TerminalEventData.ev_rc_old_safehouse.title,The Old Safehouse
TerminalEventData.ev_rc_operative_file.text,"A file on one of your operatives, annotated in DISPATCH's clean system text: TRUST 94 PERCENT."
TerminalEventData.ev_rc_operative_file.title,Operative File
TerminalEventData.ev_rc_payment.text,"A trail of payments from every corporation you broke, all ending in one account."
TerminalEventData.ev_rc_payment.title,Payment Trail
TerminalEventData.ev_rc_recruit.text,"The board where the Cell found its operatives. Someone has been recruiting again, in your name."
TerminalEventData.ev_rc_recruit.title,Recruitment Board
TerminalEventData.ev_rc_rescue.text,"One of your own, held by DISPATCH's Handler, halfway through a loyalty rewrite."
TerminalEventData.ev_rc_rescue.title,Deprogramming
TerminalEventData.ev_rc_rooftop.text,"The first relay the Cell ever built. It is still running, for someone else."
TerminalEventData.ev_rc_rooftop.title,Relay Rooftop
TerminalEventData.ev_rc_twin.text,"A simulation of the Cell, running a thousand campaigns a second. It loses most of them."
TerminalEventData.ev_rc_twin.title,Cell Twin
TerminalEventData.ev_rc_voice_model.text,The voice model that makes DISPATCH sound human. A slider reads HUMAN: 6 PERCENT.
TerminalEventData.ev_rc_voice_model.title,Voice Model
TerminalEventData.ev_recall_van.text,"An unmarked recall van idles in the alley, back doors open, full of repossessed implants."
TerminalEventData.ev_recall_van.title,Recall Van
TerminalEventData.ev_rescue_operative.text,Behind the Terminal a maintenance ward is running on battery. Someone is in there: a runner Solace picked up two weeks ago and forgot to bill. They can still deck.
TerminalEventData.ev_rescue_operative.title,Locked Ward
TerminalEventData.ev_rival_crew.text,Another crew is looting the same node. Their leader grins. 'Split it?'
TerminalEventData.ev_rival_crew.title,Rival Crew
TerminalEventData.ev_shutdown_notice.text,Solace is shutting down a clinic tomorrow. The staff are allowed to take nothing.
TerminalEventData.ev_shutdown_notice.title,Shutdown Notice
TerminalEventData.ev_side_effects.text,A courier drone drops a parcel of experimental firmware marked TRIAL COHORT B.
TerminalEventData.ev_side_effects.title,Side Effects
TerminalEventData.ev_signal_booster.text,A rooftop booster relays Solace telemetry. It could relay something else.
TerminalEventData.ev_signal_booster.title,Signal Booster
TerminalEventData.ev_silent_recall.text,"Recall notice, draft 7, never sent: batch 22 implants fail after 900 days. Observe the edit history: the failure was reclassified as a renewal opportunity."
TerminalEventData.ev_silent_recall.title,Silent Recall
TerminalEventData.ev_stray_daemon.text,"Something in the Terminal is asking, politely, to ride along in your deck."
TerminalEventData.ev_stray_daemon.title,Stray Daemon
TerminalEventData.ev_supply_closet.text,A maintenance closet behind the clinic. Somebody left the good tools.
TerminalEventData.ev_supply_closet.title,Supply Closet
TerminalEventData.ev_wellness_kiosk.text,A Solace kiosk offers a free wellness scan. The fine print is longer than the kiosk.
TerminalEventData.ev_wellness_kiosk.title,Wellness Kiosk
"Text size, sound, controls, subtitles.","Text size, sound, controls, subtitles."
That is not a campaign code.,That is not a campaign code.
The Armory is empty: runs bank defence assets from their drops.,The Armory is empty: runs bank defence assets from their drops.
"The Armory: defence assets banked from runs, deployed on your nodes in raid setup.","The Armory: defence assets banked from runs, deployed on your nodes in raid setup."
The Cell never sleeps. Every word grows with this.,The Cell never sleeps. Every word grows with this.
The Central Server's breach needs %d Exploits; you hold %d. Clear the Exploit Sites (gold keys) first.,The Central Server's breach needs %d Exploits; you hold %d. Clear the Exploit Sites (gold keys) first.
The boosts bought for the next run. Drag a boost here to buy it.,The boosts bought for the next run. Drag a boost here to buy it.
The boosts bought for the next run. Pick a boost up and move it here to buy it.,The boosts bought for the next run. Pick a boost up and move it here to buy it.
"The campaign in slot %s is lost for good, with everything in it:","The campaign in slot %s is lost for good, with everything in it:"
"The campaign map: pick a Site and JACK IN, claim and upgrade nodes.","The campaign map: pick a Site and JACK IN, claim and upgrade nodes."
The campaign's numbers: they stay between runs.,The campaign's numbers: they stay between runs.
The corporation's core. The breach needs %d Exploits.,The corporation's core. The breach needs %d Exploits.
"The dots: ●○○ half power (a needle near a slice's edge), ●●○ good aim, ●●● perfect aim (dead centre).","The dots: ●○○ half power (a needle near a slice's edge), ●●○ good aim, ●●● perfect aim (dead centre)."
The highest ICE level cleared (— until you clear one). Each corporation keeps its own ladder.,The highest ICE level cleared (— until you clear one). Each corporation keeps its own ladder.
The home server fell: the campaign is lost.,The home server fell: the campaign is lost.
The home server is BREACHED. Campaign lost.,The home server is BREACHED. Campaign lost.
The installed Daemons. Opens the tray: each sigil shows what its Daemon does.,The installed Daemons. Opens the tray: each sigil shows what its Daemon does.
"The map key: what the icons, colours and lines mean. Point at it or press it to open it; the pad's key button too.","The map key: what the icons, colours and lines mean. Point at it or press it to open it; the pad's key button too."
The operative on %s ghosts %s for %d step(s).,The operative on %s ghosts %s for %d step(s).
The operative on %s patches it: %s.,The operative on %s patches it: %s.
The operative's deck and spinner (hub core and inner ring included).,The operative's deck and spinner (hub core and inner ring included).
The seed builds the campaign's city and runs: the same seed gives the same campaign. Share it with a friend to play the same city.,The seed builds the campaign's city and runs: the same seed gives the same campaign. Share it with a friend to play the same city.
"The three campaign slots: start, load or delete.","The three campaign slots: start, load or delete."
"The turn, and the free nudges left this turn (each extra nudge costs RAM).","The turn, and the free nudges left this turn (each extra nudge costs RAM)."
Then you can go to: %s.,Then you can go to: %s.
"There is more further down this page: scroll, or press this.","There is more further down this page: scroll, or press this."
This Site's Heat objective is switched off at this ICE level.,This Site's Heat objective is switched off at this ICE level.
"This is your CORE, your home server: you defend it in raids; you never run it.","This is your CORE, your home server: you defend it in raids; you never run it."
"This run's numbers: the operative's HP, the Cycles to spend, the deck, rank and what the run has banked.","This run's numbers: the operative's HP, the Cycles to spend, the deck, rank and what the run has banked."
ThreatData.auditor.display_name,Auditor
ThreatData.bailiff.description,An armoured repossession unit that goes for the weakest node.
ThreatData.bailiff.display_name,Bailiff
ThreatData.collector.display_name,Collector
ThreatData.courier.description,Fast and fragile: two edges a step toward the highest-value node.
ThreatData.courier.display_name,Courier
ThreatData.customs_agent.description,Seals a link behind it for the rest of the raid.
ThreatData.customs_agent.display_name,Customs Agent
ThreatData.debris_field.description,A slow wall of junk that crushes the weakest node.
ThreatData.debris_field.display_name,Debris Field
ThreatData.enforcer.display_name,Enforcer
ThreatData.hauler.description,A slow armoured truck that goes for the weakest node.
ThreatData.hauler.display_name,Hauler
ThreatData.icebreaker.description,Cuts a new route through a locked link before it moves.
ThreatData.icebreaker.display_name,Icebreaker
ThreatData.informant.description,Template threat (replaced by mirrors of your assets).
ThreatData.informant.display_name,Informant
ThreatData.inspector.description,Quick and thorough: two edges a step toward the highest-value node.
ThreatData.inspector.display_name,Inspector
ThreatData.lander.description,Drops in fast: two edges a step toward the highest-value node.
ThreatData.lander.display_name,Lander
ThreatData.lockdown_unit.description,Freezes your busiest link to home for the whole raid.
ThreatData.lockdown_unit.display_name,Lockdown Unit
ThreatData.loyalist.description,Template threat (replaced by mirrors of your assets).
ThreatData.loyalist.display_name,Loyalist
ThreatData.purger.description,Template threat (replaced by mirrors of your assets).
ThreatData.purger.display_name,Purger
ThreatData.signal_jammer.description,Jams a link behind it for the rest of the raid.
ThreatData.signal_jammer.display_name,Signal Jammer
ThreatData.tow_truck.description,Seals a link behind it for the rest of the raid.
ThreatData.tow_truck.display_name,Tow Truck
Threats,Threats
Threats come into the city at %d Sites: %s. The red pencil routes on the map show where they go.,Threats come into the city at %d Sites: %s. The red pencil routes on the map show where they go.
Threats destroyed: %d. Reached home: %d. DOWN: %d. TAKEN: %d.,Threats destroyed: %d. Reached home: %d. DOWN: %d. TAKEN: %d.
Threats here: %s.,Threats here: %s.
Threats your network destroyed.,Threats your network destroyed.
Threats your nodes destroy: %d of the %d that come. The rest reach your nodes or the home server.,Threats your nodes destroy: %d of the %d that come. The rest reach your nodes or the home server.
Tritan (blue-weak),Tritan (blue-weak)
Try the next city: the seed goes up by one.,Try the next city: the seed goes up by one.
Tutorial,Tutorial
UNCOMMON,UNCOMMON
UNDO,UNDO
UNDO %s,UNDO %s
"UNDO is blocked: a random event came since (a respin, a random pick).","UNDO is blocked: a random event came since (a respin, a random pick)."
UNDOCK,UNDOCK
UNITS,UNITS
UNITS DEPLOYED / DESTROYED,UNITS DEPLOYED / DESTROYED
UPGRADE,UPGRADE
UPGRADE A SLICE // INSTALL %s,UPGRADE A SLICE // INSTALL %s
UPGRADES: %s,UPGRADES: %s
Uncommon,Uncommon
"Undo back to the last random event (free, unlimited this turn).","Undo back to the last random event (free, unlimited this turn)."
Unlocks: %s,Unlocks: %s
Upgrade (%d),Upgrade (%d)
Upgrade the node one level (level %d now).,Upgrade the node one level (level %d now).
V-sync,V-sync
VICTORY,VICTORY
VIEW LOADOUT,VIEW LOADOUT
VIRUS,VIRUS
VOICE ONLY // NO FEED,VOICE ONLY // NO FEED
Virus,Virus
WANTED,WANTED
WAS,WAS
WEAK,WEAK
WEAK x0.5,WEAK x0.5
WHAT WILL RESOLVE,WHAT WILL RESOLVE
WHEEL,WHEEL
WIN,WIN
WIPE IN,WIPE IN
WON,WON
What the last SEND IT did to this wheel; the icons: hits aimed at it -> what its guard took = its HP change.,What the last SEND IT did to this wheel; the icons: hits aimed at it -> what its guard took = its HP change.
What the threats go for (their routing rule).,What the threats go for (their routing rule).
What this wheel's needles land on. Nothing else changes this turn.,What this wheel's needles land on. Nothing else changes this turn.
When you SEND IT: %s.,When you SEND IT: %s.
"White bolt: DOWN, your node hit 0 integrity. No bonus and no power to its links until you repair it.","White bolt: DOWN, your node hit 0 integrity. No bonus and no power to its links until you repair it."
White ring: not reachable yet. Clear a linked Site first.,White ring: not reachable yet. Clear a linked Site first.
Who runs it.,Who runs it.
Window mode,Window mode
Windowed,Windowed
Withdraw %s,Withdraw %s
Won,Won
Xbox,Xbox
YES,YES
YOU,YOU
YOU ARE HERE,YOU ARE HERE
YOU GET %s,YOU GET %s
YOUR %s,YOUR %s
YOUR CELL HAS BEEN PROCESSED,YOUR CELL HAS BEEN PROCESSED
YOUR CELL HAS BEEN TREATED,YOUR CELL HAS BEEN TREATED
YOUR NETWORK,YOUR NETWORK
YOUR WHEEL,YOUR WHEEL
You are here.,You are here.
You can move here now.,You can move here now.
"Your %s, if you play it:","Your %s, if you play it:"
Your campaign is autosaved.,Your campaign is autosaved.
Your home Site (CORE),Your home Site (CORE)
Your home server (CORE) now and after the raid: %d → %d integrity. At 0 the campaign is lost. Exact: the playout matches it.,Your home server (CORE) now and after the raid: %d → %d integrity. At 0 the campaign is lost. Exact: the playout matches it.
"Your records, achievements and run history.","Your records, achievements and run history."
Your spinner.,Your spinner.
Your stats and achievements stay.,Your stats and achievements stay.
Your uplink has been reassigned to the commons. Burn-up in progress.,Your uplink has been reassigned to the commons. Burn-up in progress.
Zoom out to the whole City Grid.,Zoom out to the whole City Grid.
a Daemon to pick,a Daemon to pick
a Firmware chip to pick,a Firmware chip to pick
a Rack,a Rack
a Shop,a Shop
"a choice, and its price","a choice, and its price"
a practice run in a simulated net,a practice run in a simulated net
a threat,a threat
active,active
an Elite fight,an Elite fight
an Event,an Event
an operative,an operative
armory: %s,armory: %s
"ask about the
back room","ask about the
back room"
asset,asset
back,back
boss,boss
calibrate_handler,calibrate_handler
card,card
card %d-%d · slice %d (NULL %d) · bin %d,card %d-%d · slice %d (NULL %d) · bin %d
chip,chip
claimed,claimed
cleared,cleared
close,close
codex,codex
cool,cool
core,core
corporate,corporate
cut off,cut off
daemon,daemon
decryption is not offered.  your station is no longer yours.,decryption is not offered.  your station is no longer yours.
depowered,depowered
difficulty %d of %d,difficulty %d of %d
down,down
empty,empty
erase slot %s [A],erase slot %s [A]
everything unlocked,everything unlocked
exploit,exploit
exploits,exploits
"filed by: %s, AUDIT %d","filed by: %s, AUDIT %d"
firmware,firmware
flagged,flagged
good aim,good aim
guarded,guarded
hack,hack
half power,half power
handshake ... ok,handshake ... ok
heat,heat
heat obj.,heat obj.
heat reached %d. why weren't we told?,heat reached %d. why weren't we told?
held %d   down %d   taken %d,held %d   down %d   taken %d
highest-value node,highest-value node
home server  %d / %d,home server  %d / %d
hunted,hunted
in a run,in a run
install,install
it costs you %s,it costs you %s
keep going [B],keep going [B]
lime=you red=target box=view,lime=you red=target box=view
lo-fi loop: HQ,lo-fi loop: HQ
locked,locked
locked link,locked link
loot_socket,loot_socket
lost,lost
maybe a Firmware chip,maybe a Firmware chip
minimum to breach,minimum to breach
momentum_handler,momentum_handler
netrun,netrun
netruns,netruns
next,next
next: pick one (numbered),next: pick one (numbered)
no change,no change
no names. who ran this cell?,no names. who ran this cell?
no power,no power
no runs yet,no runs yet
no saved campaign yet,no saved campaign yet
none,none
none (%d needed for the breach),none (%d needed for the breach)
none left at large.,none left at large.
none yet (buy them at HQ with campaign Schematics),none yet (buy them at HQ with campaign Schematics)
not yet,not yet
nothing yet,nothing yet
noticed,noticed
notyet,notyet
odds: %s,odds: %s
off,off
patrol,patrol
perfect aim,perfect aim
pick a corporation to bring down,pick a corporation to bring down
pips,pips
press a key...,press a key...
purge,purge
queued: %s,queued: %s
raids,raids
reclaim,reclaim
rescue an operative,rescue an operative
ring_lock_handler,ring_lock_handler
routing via border link ... ok,routing via border link ... ok
run %d,run %d
run: %s,run: %s
saved to profile,saved to profile
schematics,schematics
seg %d: %s,seg %d: %s
seg %d: default,seg %d: default
select,select
slice,slice
slot %s,slot %s
socket,socket
sold out,sold out
"spend Cycles: cards, Firmware, slices","spend Cycles: cards, Firmware, slices"
spinner,spinner
steady_hand_handler,steady_hand_handler
"subject's record: %d campaigns won, %d lost, best ICE %s.","subject's record: %d campaigns won, %d lost, best ICE %s."
switch tab,switch tab
system,system
taken,taken
target,target
the Site's objective,the Site's objective
the home server falls and the campaign is lost,the home server falls and the campaign is lost
the net,the net
the next %s campaign may start up to ICE %d.,the next %s campaign may start up to ICE %d.
then:,then:
they'll be back. flag ICE %d.,they'll be back. flag ICE %d.
threat,threat
threat route,threat route
toggle,toggle
ui.raid_intro,"The corp is raiding your CORE. Place defences to cut the damage, then START DEFENSE."
undock_handler,undock_handler
voice only // no feed,voice only // no feed
vs %s | ICE %d%s,vs %s | ICE %d%s
walked,walked
weakest node,weakest node
wheel,wheel
withdraw,withdraw
won,won
x0.5,x0.5
x1 %s TAKEN // UNPICKED STICKERS FALL OFF,x1 %s TAKEN // UNPICKED STICKERS FALL OFF
x1.5,x1.5
you were always a copy. the original sends its regards.,you were always a copy. the original sends its regards.
your network holds every threat,your network holds every threat
yours,yours
{undo_how} undoes anything back to the last random event (the start-of-turn respin). Undo is free and unlimited within a turn; UNDO stops at a Respin or a random slice pick.,{undo_how} undoes anything back to the last random event (the start-of-turn respin). Undo is free and unlimited within a turn; UNDO stops at a Respin or a random slice pick.
